date,bitcoin,ethereum,ripple,litecoin,stellar,monero,GSPC,RUT
2015-08-07,279.58,2.77,0.008152,4.21,0.002432,0.742292,2077.570068,1206.900024
2015-08-10,264.47,0.708448,0.00875,3.95,0.002466,0.656576,2104.179932,1222.670044
2015-08-11,270.39,1.07,0.008591,4.16,0.002398,0.603582,2084.070068,1211.140015
2015-08-12,266.38,1.22,0.008270999999999999,3.99,0.00238,0.622923,2086.050049,1208.97998
2015-08-13,264.08,1.83,0.008147,3.88,0.002264,0.575855,2083.389893,1204.73999
2015-08-14,265.68,1.83,0.008337,4.03,0.002314,0.6099060000000001,2091.540039,1212.689941
2015-08-17,257.98,1.2,0.008301000000000001,3.98,0.00217,0.610122,2102.439941,1225.089966
2015-08-18,211.08,1.09,0.007552,3.47,0.001878,0.493284,2096.919922,1214.890015
2015-08-19,226.68,1.26,0.007758,3.48,0.00181,0.534101,2079.610107,1202.97998
2015-08-20,235.35,1.46,0.007872,3.61,0.00203,0.597797,2035.72998,1172.52002
2015-08-21,232.57,1.4,0.007881,3.57,0.001995,0.568307,1970.890015,1156.790039
2015-08-24,210.5,1.23,0.007397,2.99,0.001892,0.434871,1893.209961,1111.689941
2015-08-25,221.61,1.14,0.007126,2.94,0.001855,0.490286,1867.609985,1104.099976
2015-08-26,225.83,1.16,0.007492,2.95,0.0020350000000000004,0.496679,1940.5100100000002,1132.189941
2015-08-27,224.77,1.15,0.007551,2.87,0.0020050000000000003,0.465475,1987.660034,1153.609985
2015-08-28,231.4,1.19,0.007432999999999999,2.91,0.002354,0.481627,1988.869995,1162.910034
2015-08-31,230.06,1.36,0.007884,2.84,0.002479,0.467238,1972.180054,1159.449951
2015-09-01,228.12,1.35,0.007815,2.82,0.002435,0.458517,1913.8499760000002,1128.050049
2015-09-02,229.28,1.29,0.0077,2.8,0.002423,0.468083,1948.859985,1146.030029
2015-09-03,227.18,1.26,0.007431,2.63,0.002377,0.45929,1951.130005,1145.150024
2015-09-04,230.3,1.27,0.007354999999999999,2.7,0.002321,0.467874,1921.219971,1136.170044
2015-09-08,243.61,1.24,0.007831,3.05,0.0023,0.517402,1969.410034,1161.76001
2015-09-09,238.17,1.21,0.007678,2.92,0.002195,0.506011,1942.040039,1148.22998
2015-09-10,238.48,1.17,0.007663,2.95,0.002208,0.4972470000000001,1952.290039,1153.030029
2015-09-11,240.11,0.982978,0.008444,2.96,0.002231,0.495325,1961.050049,1157.790039
2015-09-14,230.64,0.8756219999999999,0.007404000000000002,2.84,0.002139,0.482289,1953.030029,1153.5
2015-09-15,230.3,0.94441,0.00772,2.82,0.002183,0.502379,1978.089966,1166.0
2015-09-16,229.09,0.907175,0.007426,2.8,0.002159,0.5099739999999999,1995.310059,1175.199951
2015-09-17,229.81,0.874231,0.007372,2.91,0.002228,0.494782,1990.199951,1180.689941
2015-09-18,232.97,0.853685,0.007529000000000002,2.96,0.002243,0.50044,1958.030029,1163.349976
2015-09-21,227.09,0.919047,0.007247,2.8,0.002142,0.4804520000000001,1966.969971,1161.089966
2015-09-22,230.62,0.901796,0.007168000000000002,2.84,0.002138,0.471829,1942.7399899999998,1143.030029
2015-09-23,230.28,0.8934059999999999,0.006668,2.87,0.002082,0.464606,1938.7600100000002,1140.050049
2015-09-24,234.53,0.81361,0.00671,2.93,0.002058,0.468678,1932.2399899999998,1137.540039
2015-09-25,235.14,0.736223,0.00665,2.89,0.002056,0.451515,1931.339966,1122.790039
2015-09-28,239.14,0.582886,0.006293,3.07,0.002091,0.448998,1881.77002,1090.569946
2015-09-29,236.69,0.661146,0.005579,2.97,0.002055,0.435817,1884.089966,1083.910034
2015-09-30,236.06,0.738644,0.005520000000000001,3.01,0.001985,0.399882,1920.030029,1100.689941
2015-10-01,237.55,0.6902149999999999,0.005448,3.0,0.002224,0.404696,1923.819946,1097.550049
2015-10-02,237.29,0.678574,0.005868,2.99,0.002076,0.409897,1951.359985,1114.119995
2015-10-05,240.38,0.6286430000000001,0.005007999999999999,3.02,0.001989,0.4161510000000001,1987.050049,1141.640015
2015-10-06,246.06,0.650645,0.005328,3.15,0.002077,0.411378,1979.9200440000002,1133.689941
2015-10-07,242.97,0.609388,0.005375,3.06,0.002075,0.393186,1995.8299559999998,1152.599976
2015-10-08,242.3,0.6217159999999999,0.005031,3.06,0.001996,0.387872,2013.430054,1163.23999
2015-10-09,243.93,0.650628,0.004983,3.11,0.002121,0.397329,2014.890015,1165.359985
2015-10-12,245.31,0.62603,0.00526,3.14,0.002031,0.395317,2017.459961,1164.400024
2015-10-13,249.51,0.6076550000000001,0.005377000000000001,3.18,0.002101,0.388015,2003.689941,1147.839966
2015-10-14,251.99,0.522968,0.005418,3.14,0.001915,0.384266,1994.2399899999998,1136.969971
2015-10-15,254.32,0.561878,0.005399,3.1,0.001934,0.390841,2023.859985,1162.77002
2015-10-16,262.87,0.5364949999999999,0.005398,3.11,0.001936,0.411511,2033.109985,1162.310059
2015-10-19,263.44,0.4890140000000001,0.005043,3.05,0.001933,0.403212,2033.660034,1164.300049
2015-10-20,269.46,0.434829,0.004731,3.09,0.00187,0.399646,2030.77002,1163.27002
2015-10-21,266.27,0.447329,0.004697,3.08,0.001975,0.394597,2018.939941,1144.949951
2015-10-22,274.02,0.567702,0.004723,3.11,0.001957,0.403236,2052.51001,1154.52002
2015-10-23,276.5,0.5396569999999999,0.004677000000000001,3.11,0.001956,0.393922,2075.149902,1166.060059
2015-10-26,285.3,0.731317,0.004675,3.1,0.00186,0.38796,2071.179932,1159.5
2015-10-27,293.79,0.869641,0.004649,3.09,0.001997,0.409574,2065.889893,1145.290039
2015-10-28,304.62,1.0,0.004675,3.1,0.00202,0.448829,2090.350098,1178.719971
2015-10-29,313.86,1.21,0.004634,3.78,0.002069,0.447103,2089.409912,1165.630005
2015-10-30,328.01,1.04,0.004839,4.06,0.002184,0.456442,2079.360107,1161.859985
2015-11-02,361.19,0.989789,0.005156,4.16,0.00219,0.442886,2104.050049,1186.089966
2015-11-03,403.42,1.01,0.005383,4.59,0.002189,0.442707,2109.790039,1191.579956
2015-11-04,411.56,0.89905,0.004947,4.23,0.00218,0.505869,2102.310059,1190.380005
2015-11-05,386.35,0.8956370000000001,0.0045060000000000005,3.96,0.002012,0.43253,2099.929932,1190.689941
2015-11-06,374.47,0.926032,0.004562,3.55,0.001917,0.439195,2099.199951,1199.75
2015-11-09,380.26,0.999278,0.004609,3.4,0.002033,0.472776,2078.580078,1184.430054
2015-11-10,336.82,0.934348,0.004406,3.12,0.002039,0.460954,2081.719971,1187.699951
2015-11-11,311.08,0.791829,0.004264,2.97,0.001964,0.450299,2075.0,1178.069946
2015-11-12,338.15,0.895711,0.004541,3.28,0.002124,0.443275,2045.969971,1154.810059
2015-11-13,336.75,0.904096,0.004477,3.23,0.001974,0.452619,2023.040039,1146.550049
2015-11-16,330.75,0.928962,0.004234,3.19,0.001922,0.435954,2053.189941,1156.079956
2015-11-17,335.09,1.01,0.00425,3.2,0.002015,0.428999,2050.439941,1153.209961
2015-11-18,334.59,0.993319,0.004258,3.19,0.001909,0.415567,2083.580078,1171.75
2015-11-19,326.15,0.955532,0.004222,3.13,0.00193,0.407052,2081.23999,1166.72998
2015-11-20,322.02,0.92492,0.004227000000000001,3.12,0.001895,0.389316,2089.169922,1175.150024
2015-11-23,323.05,0.946969,0.004288,3.12,0.0019,0.391113,2086.590088,1180.359985
2015-11-24,320.05,0.900191,0.004242,3.11,0.001867,0.390148,2089.139893,1188.810059
2015-11-25,328.21,0.8635370000000001,0.004318,3.34,0.001908,0.387684,2088.8701170000004,1198.02002
2015-11-27,358.04,0.867951,0.004275999999999999,3.58,0.001766,0.386268,2090.110107,1202.380005
2015-11-30,377.32,0.8731190000000001,0.004201,3.62,0.001732,0.395225,2080.409912,1198.109985
2015-12-01,362.49,0.8748,0.00409,3.43,0.001739,0.376028,2102.6298829999996,1204.160034
2015-12-02,359.19,0.82121,0.004173,3.34,0.001767,0.368688,2079.51001,1191.689941
2015-12-03,361.05,0.8121430000000001,0.004262,3.38,0.0017120000000000002,0.366891,2049.6201170000004,1170.569946
2015-12-04,363.18,0.840041,0.004754,3.36,0.00201,0.370805,2091.689941,1183.400024
2015-12-07,395.54,0.811264,0.00556,3.65,0.001965,0.421295,2077.070068,1164.300049
2015-12-08,415.56,0.822118,0.006775,3.69,0.002292,0.42936,2063.590088,1159.400024
2015-12-09,417.56,0.792167,0.008523000000000001,3.67,0.002063,0.452073,2047.619995,1145.869995
2015-12-10,415.48,0.8403959999999999,0.008444,3.66,0.002026,0.431434,2052.22998,1149.02002
2015-12-11,451.94,0.929762,0.008440999999999999,3.84,0.002135,0.458294,2012.369995,1123.609985
2015-12-14,444.18,0.993022,0.007614,3.61,0.002002,0.5347609999999999,2021.939941,1115.859985
2015-12-15,465.32,1.01,0.006684000000000001,3.83,0.00187,0.556358,2043.410034,1131.550049
2015-12-16,454.93,0.991182,0.006755,3.7,0.001846,0.518993,2073.070068,1148.969971
2015-12-17,456.08,0.940701,0.006693999999999999,3.74,0.001857,0.5012310000000001,2041.890015,1135.359985
2015-12-18,463.62,0.920127,0.006387,3.76,0.001849,0.499438,2005.550049,1121.02002
2015-12-21,438.64,0.900771,0.006268999999999999,3.46,0.00178,0.488745,2021.1500239999998,1127.73999
2015-12-22,436.57,0.864202,0.006193,3.42,0.0017280000000000002,0.480099,2038.969971,1137.689941
2015-12-23,442.4,0.8580770000000001,0.006021,3.58,0.0017420000000000005,0.482244,2064.290039,1152.819946
2015-12-24,454.99,0.8632620000000001,0.005971,3.64,0.00177,0.490058,2060.98999,1154.76001
2015-12-28,422.28,0.8450049999999999,0.00634,3.47,0.001777,0.446928,2056.5,1148.209961
2015-12-29,432.98,0.8730540000000001,0.0062640000000000005,3.5,0.001743,0.45616,2078.360107,1160.52002
2015-12-30,426.62,0.911958,0.006182,3.46,0.0017629999999999996,0.441028,2063.360107,1149.640015
2015-12-31,430.57,0.933542,0.00604,3.48,0.0017510000000000002,0.470402,2043.939941,1135.890015
2016-01-04,433.09,0.95448,0.005958,3.5,0.001748,0.517388,2012.660034,1108.619995
2016-01-05,431.96,0.950176,0.006044,3.47,0.001721,0.4992720000000001,2016.709961,1110.439941
2016-01-06,429.11,0.95086,0.0060030000000000005,3.45,0.001672,0.505053,1990.2600100000002,1094.369995
2016-01-07,458.05,0.942005,0.006039,3.6,0.0017280000000000002,0.492529,1943.089966,1064.569946
2016-01-08,453.23,0.986789,0.005933,3.57,0.0016809999999999998,0.488417,1922.030029,1046.199951
2016-01-11,448.43,1.06,0.005895,3.56,0.001739,0.482049,1923.6700440000002,1041.900024
2016-01-12,435.69,1.14,0.005854,3.49,0.001743,0.490113,1938.680054,1044.699951
2016-01-13,432.37,1.13,0.005794,3.48,0.001824,0.4843020000000001,1890.280029,1010.1900019999999
2016-01-14,430.31,1.19,0.005529,3.47,0.001914,0.486483,1921.839966,1025.670044
2016-01-15,364.33,1.21,0.005229,3.0,0.001737,0.4284560000000001,1880.3299559999998,1007.7199710000001
2016-01-19,380.15,1.37,0.0052710000000000005,3.02,0.001826,0.545904,1881.3299559999998,994.8699949999999
2016-01-20,420.23,1.53,0.005381,3.39,0.001821,0.535095,1859.3299559999998,999.3099980000001
2016-01-21,410.26,1.55,0.005313,3.22,0.001738,0.549362,1868.9899899999998,997.340027
2016-01-22,382.49,1.5,0.0051140000000000005,3.08,0.001704,0.536995,1906.9000239999998,1020.659973
2016-01-25,391.73,2.5,0.005135,3.13,0.001709,0.581354,1877.0799559999998,997.3699949999999
2016-01-26,392.15,2.28,0.005419,3.15,0.001901,0.584982,1903.630005,1017.9699710000001
2016-01-27,394.97,2.39,0.0065060000000000005,3.29,0.002235,0.61087,1882.949951,1002.75
2016-01-28,380.29,2.53,0.006226,3.12,0.001908,0.563129,1893.359985,1003.2700199999999
2016-01-29,379.47,2.49,0.006840000000000001,3.11,0.001888,0.51825,1940.2399899999998,1035.380005
2016-02-01,373.06,2.21,0.006542,3.08,0.0017920000000000004,0.497962,1939.380005,1032.390015
2016-02-02,374.45,2.44,0.006768000000000001,3.08,0.001796,0.501037,1903.030029,1008.840027
2016-02-03,369.95,2.53,0.006883,3.05,0.001807,0.491974,1912.530029,1010.2999880000001
2016-02-04,389.59,2.58,0.0069700000000000005,3.16,0.001803,0.5071640000000001,1915.449951,1014.7899779999999
2016-02-05,386.55,2.54,0.007262,3.14,0.001834,0.4963520000000001,1880.050049,985.6199949999999
2016-02-08,373.45,3.18,0.007991,3.06,0.001841,0.481636,1853.439941,969.340027
2016-02-09,376.03,4.04,0.007815,3.08,0.001826,0.46485,1852.209961,963.900024
2016-02-10,381.65,4.44,0.007853,3.1,0.001849,0.480424,1851.859985,963.4799800000001
2016-02-11,379.65,6.01,0.007815,3.08,0.001878,0.5163810000000001,1829.0799559999998,953.7199710000001
2016-02-12,384.26,5.55,0.007979,3.11,0.002344,0.612499,1864.780029,971.98999
2016-02-16,407.49,4.32,0.008451,3.21,0.002649,0.935744,1895.5799559999998,995.7999880000001
2016-02-17,416.32,3.76,0.008138,3.24,0.002158,0.733156,1926.819946,1011.1300050000001
2016-02-18,422.37,4.4,0.007995,3.25,0.002122,0.774533,1917.8299559999998,1004.7100220000001
2016-02-19,420.79,4.74,0.008245,3.25,0.0021100000000000003,0.819088,1917.780029,1010.01001
2016-02-22,437.75,5.62,0.00805,3.48,0.0019760000000000003,0.77803,1945.5,1021.73999
2016-02-23,420.74,5.59,0.00797,3.4,0.001903,0.756528,1921.27002,1012.150024
2016-02-24,424.95,6.24,0.008076,3.37,0.001959,0.801251,1929.800049,1022.080017
2016-02-25,424.54,6.1,0.008027,3.37,0.001975,0.806427,1951.699951,1031.579956
2016-02-26,432.15,5.92,0.008058,3.42,0.001943,0.813595,1948.050049,1037.180054
2016-02-29,437.7,6.34,0.007923000000000001,3.45,0.001949,0.870503,1932.22998,1033.900024
2016-03-01,435.12,7.65,0.008006000000000001,3.43,0.001909,0.8479959999999999,1978.3499760000002,1054.48999
2016-03-02,423.99,8.47,0.008029999999999999,3.37,0.001884,0.827633,1986.449951,1065.670044
2016-03-03,421.65,9.29,0.008162,3.32,0.00189,1.09,1993.4000239999998,1076.050049
2016-03-04,410.94,10.41,0.008095999999999999,3.25,0.001914,1.1,1999.9899899999998,1081.930054
2016-03-07,414.32,9.55,0.007918000000000001,3.27,0.002392,1.07,2001.7600100000002,1094.150024
2016-03-08,413.97,9.85,0.007949,3.25,0.002216,1.19,1979.2600100000002,1067.880005
2016-03-09,414.86,11.9,0.008056,3.28,0.002229,1.24,1989.2600100000002,1072.77002
2016-03-10,417.13,11.3,0.008190000000000001,3.29,0.002368,1.09,1989.569946,1063.98999
2016-03-11,421.69,11.08,0.008803,3.38,0.0025670000000000003,1.1,2022.189941,1087.560059
2016-03-14,416.44,12.45,0.008479,3.3,0.002138,1.12,2019.640015,1084.25
2016-03-15,416.83,13.01,0.008186,3.31,0.002193,1.14,2015.930054,1066.670044
2016-03-16,417.01,12.52,0.008178,3.31,0.002136,1.15,2027.219971,1074.51001
2016-03-17,420.62,11.08,0.008287000000000001,3.31,0.002147,1.3,2040.589966,1091.25
2016-03-18,409.55,11.0,0.008119,3.17,0.00198,1.15,2049.580078,1101.670044
2016-03-21,413.31,11.86,0.008047,3.2,0.002074,1.49,2051.600098,1098.579956
2016-03-22,418.09,11.27,0.00811,3.23,0.002079,1.39,2049.800049,1097.339966
2016-03-23,418.04,12.42,0.008331999999999999,3.24,0.002174,1.45,2036.709961,1075.699951
2016-03-24,416.39,11.23,0.00823,3.22,0.0020800000000000003,1.7,2035.939941,1079.540039
2016-03-28,424.23,11.67,0.007564,3.26,0.002113,1.49,2037.050049,1080.22998
2016-03-29,416.52,11.66,0.007566,3.23,0.0020870000000000003,1.49,2055.01001,1109.079956
2016-03-30,414.82,11.95,0.007331999999999998,3.22,0.002039,1.45,2063.949951,1110.439941
2016-03-31,416.73,11.4,0.007391,3.26,0.002027,1.4,2059.73999,1114.030029
2016-04-01,417.96,11.66,0.007418000000000002,3.24,0.002047,1.46,2072.780029,1117.680054
2016-04-04,421.44,11.16,0.0074909999999999985,3.25,0.002294,1.6,2066.1298829999996,1108.540039
2016-04-05,424.03,10.44,0.007474,3.25,0.00216,1.52,2045.1700440000002,1095.849976
2016-04-06,423.41,10.69,0.007295999999999999,3.26,0.002163,1.51,2066.659912,1108.810059
2016-04-07,422.75,10.07,0.006875,3.25,0.002155,1.5,2041.910034,1092.790039
2016-04-08,420.35,9.72,0.006670999999999999,3.22,0.002184,1.24,2047.5999760000002,1097.310059
2016-04-11,422.48,8.64,0.006048,3.24,0.001903,1.02,2041.9899899999998,1094.339966
2016-04-12,425.19,7.44,0.0058850000000000005,3.26,0.001871,0.955986,2061.719971,1105.709961
2016-04-13,423.73,8.04,0.005695,3.24,0.001863,1.03,2082.419922,1129.930054
2016-04-14,424.28,8.39,0.006289,3.24,0.001877,1.01,2082.780029,1128.589966
2016-04-15,429.71,8.24,0.006423999999999999,3.28,0.001879,0.990145,2080.72998,1130.920044
2016-04-18,428.59,9.04,0.006987,3.24,0.001903,1.11,2094.340088,1139.280029
2016-04-19,435.51,8.71,0.007118000000000002,3.29,0.001929,1.11,2100.800049,1140.22998
2016-04-20,441.39,8.47,0.007244,3.28,0.001928,1.06,2102.399902,1142.290039
2016-04-21,449.43,8.1,0.007432999999999999,3.35,0.001874,0.977233,2091.47998,1135.77002
2016-04-22,445.74,7.82,0.007284,3.32,0.001917,0.980429,2091.580078,1146.689941
2016-04-25,461.43,7.55,0.007282999999999999,3.81,0.001876,0.953362,2087.790039,1138.099976
2016-04-26,466.09,7.4,0.0070950000000000015,4.05,0.001819,0.884295,2091.699951,1150.72998
2016-04-27,444.69,7.76,0.006725,3.89,0.001832,0.941531,2095.149902,1154.150024
2016-04-28,449.01,7.17,0.006686,3.79,0.001904,0.904794,2075.810059,1140.400024
2016-04-29,455.1,7.46,0.006759,3.81,0.001849,0.883684,2065.300049,1130.849976
2016-05-02,444.67,10.16,0.006714,3.68,0.001868,0.964395,2081.429932,1140.920044
2016-05-03,450.3,9.31,0.00656,3.74,0.001862,0.908237,2063.3701170000004,1121.76001
2016-05-04,446.72,9.41,0.006323,3.75,0.001865,0.916455,2051.1201170000004,1113.130005
2016-05-05,447.98,9.83,0.006193,3.71,0.00184,0.906841,2050.6298829999996,1107.949951
2016-05-06,459.6,9.35,0.006399,3.82,0.001829,0.877466,2057.139893,1114.719971
2016-05-09,460.48,9.3,0.006399,4.06,0.001802,0.825393,2058.689941,1118.25
2016-05-10,450.89,9.36,0.006272,3.82,0.0017739999999999995,0.829463,2084.389893,1128.829956
2016-05-11,452.73,10.0,0.006189,3.88,0.001797,0.8597100000000001,2064.459961,1114.73999
2016-05-12,454.77,10.06,0.006167,3.86,0.0018,0.875668,2064.110107,1108.599976
2016-05-13,455.67,10.51,0.006109000000000001,3.93,0.00177,0.8477629999999999,2046.609985,1102.439941
2016-05-16,454.16,11.17,0.006022,4.01,0.0017239999999999998,0.8183560000000001,2066.659912,1116.209961
2016-05-17,453.78,12.2,0.006023,3.98,0.001692,0.813343,2047.209961,1097.680054
2016-05-18,454.62,13.56,0.006028,4.0,0.0017109999999999998,0.840542,2047.630005,1102.949951
2016-05-19,438.71,14.77,0.006032,3.83,0.001661,0.8535950000000001,2040.040039,1094.780029
2016-05-20,442.68,13.64,0.006084,3.88,0.001649,0.942222,2052.320068,1112.280029
2016-05-23,444.15,13.46,0.005909,3.97,0.001599,0.91473,2048.040039,1111.369995
2016-05-24,445.98,12.73,0.005961999999999999,3.95,0.0016079999999999998,0.901127,2076.060059,1135.310059
2016-05-25,449.6,12.53,0.005756,4.05,0.00155,0.8658870000000001,2090.540039,1141.02002
2016-05-26,453.38,12.43,0.005669,4.08,0.001489,0.860175,2090.100098,1139.75
2016-05-27,473.46,11.3,0.005679,4.5,0.001444,0.8590909999999999,2099.060059,1150.449951
2016-05-31,531.39,14.08,0.005706,4.65,0.001543,0.928747,2096.949951,1154.790039
2016-06-01,536.92,14.0,0.005809,4.74,0.001525,0.914871,2099.330078,1163.040039
2016-06-02,537.97,13.74,0.005765999999999999,4.72,0.001512,0.92668,2105.26001,1170.579956
2016-06-03,569.19,13.85,0.005827000000000001,4.86,0.00153,0.945202,2099.1298829999996,1164.140015
2016-06-06,585.54,13.93,0.005769,4.96,0.0014960000000000002,1.01,2109.409912,1176.869995
2016-06-07,576.6,14.51,0.00578,4.77,0.0014880000000000002,1.01,2112.1298829999996,1179.969971
2016-06-08,581.64,14.42,0.00577,4.75,0.001497,0.999952,2119.1201170000004,1188.949951
2016-06-09,574.63,14.4,0.005788000000000001,4.69,0.001587,1.11,2115.47998,1181.199951
2016-06-10,577.47,13.91,0.005736,4.84,0.001573,1.15,2096.070068,1163.930054
2016-06-13,704.38,17.6,0.005824,5.29,0.001561,1.28,2079.060059,1150.699951
2016-06-14,685.56,18.89,0.0071049999999999985,5.2,0.001754,1.39,2075.320068,1147.819946
2016-06-15,694.47,18.35,0.006887000000000001,5.24,0.001668,1.46,2071.5,1149.300049
2016-06-16,766.31,20.59,0.0066760000000000005,5.66,0.0017219999999999998,1.58,2077.98999,1148.189941
2016-06-17,748.91,15.38,0.006693000000000001,5.59,0.001697,1.75,2071.219971,1144.699951
2016-06-20,737.23,11.84,0.006626000000000001,5.29,0.0017739999999999995,1.83,2083.25,1157.699951
2016-06-21,666.65,13.31,0.006172,4.82,0.0017109999999999998,1.61,2088.899902,1153.869995
2016-06-22,596.12,13.1,0.006495,3.91,0.00162,1.5,2085.449951,1148.969971
2016-06-23,623.98,13.68,0.006381,3.85,0.001666,1.56,2113.320068,1172.219971
2016-06-24,665.3,14.33,0.0064340000000000005,4.28,0.001786,1.59,2037.410034,1127.540039
2016-06-27,655.27,13.88,0.006398,4.12,0.002657,1.48,2000.540039,1089.650024
2016-06-28,647.0,12.18,0.006773,4.1,0.002333,1.49,2036.089966,1107.300049
2016-06-29,639.89,12.61,0.006776999999999999,4.06,0.00204,1.55,2070.77002,1131.619995
2016-06-30,673.34,12.46,0.006657,4.19,0.002143,1.61,2098.860107,1151.920044
2016-07-01,676.3,12.2,0.0067870000000000005,4.26,0.0020350000000000004,1.66,2102.949951,1156.77002
2016-07-05,670.63,10.61,0.006698999999999999,4.45,0.001869,1.73,2088.550049,1139.449951
2016-07-06,677.33,10.53,0.006691,4.47,0.001846,1.94,2099.72998,1147.329956
2016-07-07,640.56,10.11,0.0065980000000000006,4.11,0.0017399999999999998,1.9,2097.899902,1149.76001
2016-07-08,666.52,11.39,0.0067150000000000005,4.22,0.00187,1.98,2129.899902,1177.359985
2016-07-11,647.66,10.46,0.006534000000000001,4.09,0.001809,1.98,2137.159912,1190.030029
2016-07-12,664.55,10.52,0.00635,4.15,0.001991,1.99,2152.139893,1205.890015
2016-07-13,654.47,10.5,0.006411,4.14,0.002164,1.93,2152.429932,1201.160034
2016-07-14,658.08,11.51,0.006385,4.15,0.002039,2.01,2163.75,1202.170044
2016-07-15,663.25,11.95,0.006442,4.16,0.001977,1.99,2161.73999,1205.310059
2016-07-18,673.11,11.03,0.006481999999999999,4.15,0.001982,1.95,2166.889893,1207.910034
2016-07-19,672.86,11.62,0.006405,4.15,0.0019,1.9,2163.780029,1200.449951
2016-07-20,665.68,12.45,0.0063950000000000005,4.13,0.001862,1.76,2173.02002,1209.73999
2016-07-21,665.01,12.65,0.006416,4.12,0.001839,1.74,2165.169922,1203.859985
2016-07-22,650.62,14.66,0.006303,4.04,0.001824,1.83,2175.030029,1212.890015
2016-07-25,654.1,13.84,0.006246,4.03,0.002143,1.85,2168.47998,1209.819946
2016-07-26,651.78,11.99,0.005998,3.97,0.001939,1.83,2169.179932,1216.859985
2016-07-27,654.35,12.97,0.005969,3.96,0.001931,1.94,2166.580078,1218.930054
2016-07-28,655.03,12.84,0.005974,3.97,0.001948,1.85,2170.060059,1217.329956
2016-07-29,656.99,12.79,0.006111,4.08,0.002013,1.89,2173.600098,1219.939941
2016-08-01,606.27,10.94,0.005906000000000001,3.86,0.001874,1.7,2170.840088,1219.119995
2016-08-02,547.47,8.79,0.00569,3.64,0.001736,1.49,2157.030029,1202.349976
2016-08-03,566.36,10.29,0.005646,3.72,0.001804,1.57,2163.790039,1212.72998
2016-08-04,578.29,11.04,0.005816,3.75,0.001879,1.85,2164.25,1213.76001
2016-08-05,575.04,10.93,0.006447,3.73,0.0019,1.79,2182.8701170000004,1231.300049
2016-08-08,591.05,11.25,0.006027,3.79,0.001848,1.9,2180.889893,1230.420044
2016-08-09,587.8,12.24,0.006163,3.76,0.001871,2.05,2181.73999,1231.73999
2016-08-10,592.1,12.14,0.006194,3.72,0.001892,2.01,2175.48999,1223.27002
2016-08-11,589.12,11.69,0.006189,3.74,0.001889,1.98,2185.790039,1229.119995
2016-08-12,587.56,11.78,0.006123,3.71,0.001831,1.95,2184.050049,1229.819946
2016-08-15,567.24,11.22,0.006045,3.58,0.002019,2.18,2190.149902,1241.859985
2016-08-16,577.44,11.14,0.00614,3.64,0.002016,2.2,2178.149902,1231.130005
2016-08-17,573.22,10.75,0.006109000000000001,3.6,0.001993,2.24,2182.219971,1227.680054
2016-08-18,574.32,10.76,0.006122,3.61,0.0019760000000000003,2.19,2187.02002,1236.849976
2016-08-19,575.63,10.75,0.006119,3.6,0.001963,2.3,2183.8701170000004,1236.77002
2016-08-22,586.75,11.12,0.006,3.66,0.001919,3.99,2182.639893,1239.73999
2016-08-23,583.41,11.03,0.006019,3.93,0.001878,4.72,2186.899902,1248.579956
2016-08-24,580.18,11.04,0.006052,3.86,0.001888,4.42,2175.439941,1237.25
2016-08-25,577.76,11.36,0.006079,3.8,0.001874,4.15,2172.469971,1240.0
2016-08-26,579.65,11.3,0.00603,3.83,0.001888,4.18,2169.040039,1238.030029
2016-08-29,574.11,10.98,0.006131,3.76,0.00183,8.5,2180.3798829999996,1244.939941
2016-08-30,577.5,11.23,0.006026,3.8,0.00185,8.49,2176.1201170000004,1246.030029
2016-08-31,575.47,11.67,0.006012,3.8,0.001906,8.58,2170.949951,1239.910034
2016-09-01,572.3,11.99,0.005984000000000001,3.83,0.001887,8.0,2170.860107,1239.800049
2016-09-02,575.54,12.11,0.0059700000000000005,3.82,0.001885,10.21,2179.97998,1251.829956
2016-09-06,610.44,11.69,0.005912,3.97,0.001925,12.46,2186.47998,1253.369995
2016-09-07,614.54,11.55,0.0058920000000000005,3.97,0.001925,11.83,2186.159912,1261.01001
2016-09-08,626.32,11.35,0.005902,3.99,0.001931,12.74,2181.300049,1258.359985
2016-09-09,622.86,11.65,0.005869,3.97,0.00202,12.43,2127.810059,1219.209961
2016-09-12,608.24,11.89,0.005897,3.82,0.00194,10.03,2159.040039,1235.869995
2016-09-13,609.24,11.92,0.005886,3.82,0.0019510000000000005,10.88,2127.02002,1212.319946
2016-09-14,610.68,11.92,0.005961,3.83,0.001963,10.51,2125.77002,1211.589966
2016-09-15,607.15,11.94,0.008303,3.81,0.0023190000000000003,9.41,2147.26001,1227.02002
2016-09-16,606.97,12.56,0.007445999999999999,3.81,0.002082,8.91,2139.159912,1224.780029
2016-09-19,609.23,13.19,0.006858,3.83,0.002127,10.56,2139.1201170000004,1232.530029
2016-09-20,608.31,14.43,0.006784999999999999,3.84,0.002052,11.15,2139.76001,1228.329956
2016-09-21,597.15,13.77,0.006829000000000001,3.84,0.002085,9.92,2163.1201170000004,1245.040039
2016-09-22,596.3,13.25,0.006843000000000001,3.77,0.002138,10.16,2177.179932,1263.439941
2016-09-23,602.84,13.33,0.007210999999999999,3.81,0.002083,10.77,2164.689941,1254.619995
2016-09-26,608.04,12.82,0.007963,3.86,0.002385,9.4,2146.100098,1240.939941
2016-09-27,606.17,13.1,0.008229,3.85,0.002549,9.31,2159.929932,1246.380005
2016-09-28,604.73,13.27,0.009048,3.84,0.003149,9.4,2171.3701170000004,1255.670044
2016-09-29,605.69,13.07,0.008914,3.85,0.003066,8.71,2151.1298829999996,1237.75
2016-09-30,609.74,13.22,0.00883,3.84,0.002847,8.41,2168.27002,1251.650024
2016-10-03,612.13,13.45,0.008089,3.84,0.00271,7.95,2161.199951,1245.780029
2016-10-04,610.2,13.28,0.007853,3.82,0.00259,7.65,2150.48999,1239.780029
2016-10-05,612.51,13.04,0.007435,3.84,0.002485,6.76,2159.72998,1248.369995
2016-10-06,613.02,12.85,0.007382,3.85,0.002306,7.18,2160.77002,1246.23999
2016-10-07,617.12,12.67,0.007377,3.86,0.002374,6.89,2153.73999,1236.560059
2016-10-10,618.99,11.76,0.007978,3.8,0.002466,6.94,2163.659912,1250.76001
2016-10-11,641.07,11.79,0.008234,3.82,0.002679,7.28,2136.72998,1227.619995
2016-10-12,636.19,11.93,0.007949,3.76,0.002637,7.31,2139.179932,1227.22998
2016-10-13,636.79,11.96,0.007982,3.91,0.002539,6.91,2132.550049,1215.75
2016-10-14,640.38,11.94,0.008767,3.9,0.002479,6.92,2132.97998,1212.410034
2016-10-17,639.19,12.01,0.008029999999999999,3.91,0.002291,6.28,2126.5,1210.140015
2016-10-18,637.96,12.59,0.00835,3.84,0.002388,6.57,2139.600098,1217.300049
2016-10-19,630.52,12.02,0.008627,3.8,0.002339,6.62,2144.290039,1222.640015
2016-10-20,630.86,12.1,0.009092,3.78,0.00267,6.56,2141.340088,1219.790039
2016-10-21,632.83,12.18,0.009029,3.81,0.0024760000000000003,6.78,2141.159912,1218.099976
2016-10-24,653.76,11.97,0.009065,3.87,0.002471,6.42,2151.330078,1226.449951
2016-10-25,657.59,11.41,0.008891,3.9,0.002357,6.09,2143.159912,1216.099976
2016-10-26,678.3,11.53,0.008834999999999999,3.96,0.002338,6.17,2139.429932,1204.75
2016-10-27,688.31,11.5,0.008481,4.02,0.002176,6.21,2133.040039,1189.949951
2016-10-28,689.65,11.09,0.008143000000000001,3.97,0.002095,5.73,2126.409912,1187.609985
2016-10-31,700.97,11.0,0.008196,3.99,0.002088,5.12,2126.149902,1191.390015
2016-11-01,729.79,10.77,0.008102,4.09,0.0019760000000000003,4.71,2111.719971,1177.939941
2016-11-02,740.83,10.75,0.008222,4.1,0.002023,4.51,2097.939941,1162.52002
2016-11-03,688.7,10.8,0.008020999999999999,3.86,0.001994,4.89,2088.659912,1156.890015
2016-11-04,703.24,11.09,0.008157,3.88,0.001999,4.85,2085.179932,1163.439941
2016-11-07,703.13,10.81,0.008108,3.84,0.002013,5.74,2131.52002,1192.25
2016-11-08,709.85,10.83,0.008206,3.84,0.001986,6.32,2139.560059,1195.140015
2016-11-09,723.27,10.66,0.008079000000000001,3.86,0.001968,6.19,2163.26001,1232.160034
2016-11-10,715.53,10.52,0.008136,3.82,0.001948,6.1,2167.47998,1251.609985
2016-11-11,716.41,10.29,0.008065000000000001,3.82,0.001913,6.78,2164.449951,1282.380005
2016-11-14,705.02,9.97,0.008098000000000001,3.88,0.00188,7.71,2164.199951,1298.599976
2016-11-15,711.62,10.22,0.007881,3.89,0.001853,7.3,2180.389893,1302.140015
2016-11-16,744.2,10.06,0.007842,4.02,0.001772,6.58,2176.939941,1302.199951
2016-11-17,740.98,9.99,0.007726999999999999,3.94,0.00182,6.79,2187.1201170000004,1309.47998
2016-11-18,751.59,9.48,0.007778,3.96,0.001807,6.72,2181.899902,1315.640015
2016-11-21,739.25,9.62,0.007566,3.94,0.001755,6.8,2198.179932,1322.22998
2016-11-22,751.35,9.91,0.007434,3.95,0.0017350000000000002,7.69,2202.939941,1334.339966
2016-11-23,744.59,9.84,0.007061,3.93,0.0017329999999999995,7.91,2204.719971,1342.089966
2016-11-25,741.65,9.4,0.006901999999999999,3.92,0.0017219999999999998,7.54,2213.350098,1347.199951
2016-11-28,735.81,8.72,0.007008,3.88,0.001655,7.89,2201.719971,1329.829956
2016-11-29,735.6,8.17,0.00678,3.87,0.001667,7.6,2204.659912,1328.219971
2016-11-30,745.69,8.59,0.006723000000000001,3.89,0.001629,8.95,2198.810059,1322.339966
2016-12-01,756.77,8.45,0.006702,3.91,0.0016190000000000002,8.58,2191.080078,1313.800049
2016-12-02,777.94,7.76,0.006659999999999999,3.95,0.001529,8.23,2191.949951,1314.25
2016-12-05,758.7,6.82,0.0064340000000000005,3.53,0.001542,7.91,2204.709961,1337.790039
2016-12-06,764.22,7.87,0.006655,3.54,0.002666,7.54,2212.22998,1352.670044
2016-12-07,768.13,8.38,0.006851,3.62,0.0027670000000000004,7.89,2241.350098,1364.51001
2016-12-08,770.81,8.23,0.007097,3.69,0.002421,7.79,2246.189941,1386.369995
2016-12-09,772.79,8.45,0.007135,3.69,0.002545,7.95,2259.530029,1388.069946
2016-12-12,780.09,8.52,0.006778,3.66,0.002272,8.05,2256.959961,1373.140015
2016-12-13,780.56,8.42,0.006708,3.65,0.002158,8.11,2271.719971,1373.530029
2016-12-14,781.48,8.27,0.006705,3.62,0.00215,8.41,2253.280029,1356.02002
2016-12-15,778.09,7.83,0.006662,3.62,0.002802,8.42,2262.030029,1366.410034
2016-12-16,784.91,7.86,0.00671,3.63,0.003123,8.51,2258.070068,1364.400024
2016-12-19,792.71,7.64,0.0065450000000000005,3.66,0.002868,8.63,2262.530029,1371.680054
2016-12-20,800.88,7.66,0.0065,3.66,0.002836,8.43,2270.76001,1383.959961
2016-12-21,834.28,7.91,0.006445,3.65,0.00281,8.28,2265.179932,1375.189941
2016-12-22,864.54,7.58,0.006363000000000001,3.71,0.002751,8.9,2260.959961,1362.660034
2016-12-23,921.98,7.17,0.006286,4.66,0.002646,9.55,2263.790039,1371.51001
2016-12-27,933.2,7.17,0.0061990000000000005,4.47,0.002543,12.69,2268.8798829999996,1377.709961
2016-12-28,975.92,7.52,0.006173,4.57,0.002509,14.09,2249.919922,1360.829956
2016-12-29,973.5,8.28,0.006340999999999999,4.56,0.002559,13.13,2249.26001,1363.180054
2016-12-30,961.24,8.16,0.006426,4.39,0.0025440000000000003,12.97,2238.830078,1357.130005
2017-01-03,1043.84,9.73,0.006386,4.63,0.002554,16.09,2257.830078,1365.48999
2017-01-04,1154.73,11.25,0.00657,4.84,0.002735,18.53,2270.75,1387.949951
2017-01-05,1013.38,10.25,0.006201,4.29,0.002598,16.19,2269.0,1371.939941
2017-01-06,902.2,10.25,0.006314999999999999,3.86,0.002494,14.03,2276.97998,1367.280029
2017-01-09,902.83,10.33,0.006167,4.3,0.002347,13.74,2268.899902,1357.48999
2017-01-10,907.68,10.55,0.006698000000000001,4.59,0.002355,13.39,2268.899902,1370.900024
2017-01-11,777.76,9.72,0.006411,3.85,0.002089,11.64,2275.320068,1373.300049
2017-01-12,804.83,9.86,0.006423000000000001,3.96,0.002475,11.85,2270.439941,1361.069946
2017-01-13,823.98,9.77,0.006595999999999999,3.89,0.002398,11.27,2274.639893,1372.050049
2017-01-17,907.94,10.3,0.0068,3.94,0.002545,12.39,2267.889893,1352.319946
2017-01-18,886.62,10.23,0.0067090000000000006,3.84,0.002481,12.05,2271.889893,1358.560059
2017-01-19,899.07,10.4,0.007034,3.86,0.002349,12.15,2263.689941,1345.73999
2017-01-20,895.03,10.6,0.006675,3.89,0.002357,11.91,2271.310059,1351.849976
2017-01-23,921.01,10.82,0.006697,3.84,0.002332,12.25,2265.199951,1347.839966
2017-01-24,892.69,10.63,0.006540000000000001,3.79,0.002234,11.81,2280.070068,1369.209961
2017-01-25,901.54,10.57,0.006513,3.71,0.002157,11.83,2298.3701170000004,1382.439941
2017-01-26,917.59,10.59,0.006690000000000001,3.83,0.002197,11.98,2296.679932,1375.599976
2017-01-27,919.75,10.54,0.0064150000000000006,3.86,0.002196,12.1,2294.689941,1370.699951
2017-01-30,920.38,10.57,0.006381,4.02,0.002458,12.71,2280.899902,1352.329956
2017-01-31,970.4,10.73,0.006314,4.08,0.0023710000000000003,12.99,2278.8701170000004,1361.819946
2017-02-01,989.02,10.73,0.006540000000000001,4.08,0.002357,13.27,2279.550049,1361.22998
2017-02-02,1011.8,10.82,0.006469,4.09,0.00242,13.14,2280.850098,1357.430054
2017-02-03,1029.91,11.11,0.006474,4.08,0.002399,12.86,2297.419922,1377.839966
2017-02-06,1038.15,11.39,0.00645,4.04,0.002369,12.88,2292.560059,1366.660034
2017-02-07,1061.35,11.52,0.006407,4.04,0.0023190000000000003,12.65,2293.080078,1361.060059
2017-02-08,1063.07,11.43,0.006437999999999999,4.02,0.002235,12.8,2294.669922,1358.73999
2017-02-09,994.38,11.03,0.006374,3.8,0.002155,12.12,2307.8701170000004,1378.530029
2017-02-10,988.67,11.28,0.006289,3.78,0.002141,11.98,2316.100098,1388.839966
2017-02-13,990.64,11.27,0.006251,3.72,0.0020670000000000003,12.2,2328.25,1392.380005
2017-02-14,1004.55,13.03,0.006278,3.77,0.00209,12.99,2337.580078,1396.650024
2017-02-15,1007.48,12.92,0.006147,3.81,0.002224,13.62,2349.25,1404.209961
2017-02-16,1027.44,12.9,0.006027,3.79,0.002139,13.1,2347.219971,1399.130005
2017-02-17,1046.21,12.68,0.005935,3.83,0.002093,13.3,2351.159912,1399.859985
2017-02-21,1115.3,12.67,0.005832,3.78,0.001997,12.34,2365.3798829999996,1410.339966
2017-02-22,1117.44,12.6,0.00586,3.81,0.002008,12.77,2362.820068,1403.859985
2017-02-23,1166.72,13.12,0.005895,3.84,0.001927,12.87,2363.810059,1394.619995
2017-02-24,1173.68,13.07,0.005701,3.85,0.001885,11.92,2367.340088,1394.52002
2017-02-27,1179.97,15.4,0.005609,3.8,0.0017739999999999995,11.96,2369.75,1407.969971
2017-02-28,1179.97,15.82,0.005536,3.77,0.001843,12.28,2363.639893,1386.680054
2017-03-01,1222.5,17.35,0.005408,3.8,0.0017239999999999998,12.33,2395.959961,1413.640015
2017-03-02,1251.01,19.03,0.005991,3.92,0.0017870000000000004,13.11,2381.919922,1395.670044
2017-03-03,1274.99,19.46,0.006339,3.92,0.0017629999999999996,13.91,2383.1201170000004,1394.130005
2017-03-06,1272.83,19.61,0.006057,3.92,0.001876,15.41,2375.310059,1384.25
2017-03-07,1223.54,18.89,0.006534000000000001,3.82,0.002011,13.53,2368.389893,1374.880005
2017-03-08,1150.0,16.65,0.006509,3.78,0.001835,12.47,2362.97998,1366.040039
2017-03-09,1188.49,17.75,0.006498,3.84,0.00179,13.03,2364.8701170000004,1360.119995
2017-03-10,1116.72,19.33,0.006227,3.75,0.0017329999999999995,13.21,2372.600098,1365.26001
2017-03-13,1231.92,28.59,0.006385,4.17,0.001965,18.13,2373.469971,1370.280029
2017-03-14,1240.0,28.65,0.006381,4.06,0.001918,17.76,2365.449951,1362.380005
2017-03-15,1249.61,35.06,0.006314,4.16,0.001953,18.98,2385.26001,1382.829956
2017-03-16,1187.81,46.35,0.006394,4.24,0.00197,22.48,2381.3798829999996,1386.030029
2017-03-17,1100.23,46.83,0.006116,4.06,0.001957,22.35,2378.25,1391.52002
2017-03-20,1054.23,43.39,0.006975,4.03,0.001995,22.51,2373.469971,1384.099976
2017-03-21,1120.54,43.15,0.006909,4.01,0.002187,21.29,2344.02002,1346.550049
2017-03-22,1049.14,42.34,0.007301,3.94,0.001983,21.42,2348.449951,1345.599976
2017-03-23,1038.59,43.68,0.010582,3.98,0.002251,21.82,2345.959961,1353.430054
2017-03-24,937.52,53.11,0.010518,4.08,0.002108,21.1,2343.97998,1354.640015
2017-03-27,1045.77,49.67,0.009597,4.08,0.001892,19.66,2341.590088,1357.319946
2017-03-28,1047.15,50.77,0.009514,4.16,0.002043,19.81,2358.570068,1367.26001
2017-03-29,1039.97,53.13,0.010101,4.19,0.001973,21.14,2361.1298829999996,1371.640015
2017-03-30,1026.43,52.21,0.013276,6.98,0.002302,20.88,2368.060059,1382.349976
2017-03-31,1071.79,50.04,0.020889,6.67,0.002356,20.54,2362.719971,1385.920044
2017-04-03,1143.81,44.36,0.033023000000000004,8.07,0.003124,20.33,2358.840088,1369.670044
2017-04-04,1133.25,44.64,0.037455,8.29,0.003046,21.35,2360.159912,1368.180054
2017-04-05,1124.78,45.3,0.035544,11.09,0.003131,19.62,2352.949951,1352.140015
2017-04-06,1182.68,43.24,0.032665,10.25,0.002824,19.27,2357.48999,1364.430054
2017-04-07,1176.9,42.16,0.036319,9.37,0.0027670000000000004,19.39,2355.540039,1364.560059
2017-04-10,1187.13,43.44,0.033598,8.92,0.002788,21.83,2357.159912,1367.089966
2017-04-11,1205.01,43.41,0.032951999999999995,8.85,0.002782,21.36,2353.780029,1376.949951
2017-04-12,1200.37,46.29,0.034336,10.79,0.003036,21.76,2344.929932,1359.199951
2017-04-13,1169.28,50.22,0.034383,10.15,0.00306,21.48,2328.949951,1345.23999
2017-04-17,1193.91,48.3,0.033655000000000004,10.42,0.003555,20.56,2349.01001,1361.180054
2017-04-18,1211.67,50.71,0.033183,10.32,0.003706,21.06,2342.189941,1361.890015
2017-04-19,1210.29,48.31,0.030173,9.66,0.003574000000000001,20.39,2338.169922,1367.130005
2017-04-20,1229.08,49.67,0.029984,10.33,0.003368,20.24,2355.840088,1384.150024
2017-04-21,1222.05,48.22,0.032780000000000004,11.23,0.0034659999999999995,20.29,2348.689941,1379.849976
2017-04-24,1250.15,50.03,0.031383999999999995,14.97,0.00384,19.56,2374.149902,1397.939941
2017-04-25,1265.49,49.89,0.032346,15.21,0.003808,19.65,2388.610107,1411.079956
2017-04-26,1281.08,52.72,0.032797,14.85,0.003835,19.37,2387.449951,1419.430054
2017-04-27,1317.73,62.17,0.034816,14.62,0.00397,21.21,2388.77002,1417.130005
2017-04-28,1316.48,70.16,0.044475,14.34,0.004551,22.35,2384.199951,1400.430054
2017-05-01,1421.6,76.3,0.055115,15.92,0.005138,22.77,2388.330078,1407.359985
2017-05-02,1452.82,77.26,0.053908000000000005,15.89,0.004834000000000001,23.04,2391.169922,1399.359985
2017-05-03,1490.09,79.72,0.06049,21.04,0.005197,25.2,2388.1298829999996,1390.920044
2017-05-04,1537.67,96.98,0.078914,23.39,0.006628,25.99,2389.52002,1388.849976
2017-05-05,1555.45,94.4,0.09355,26.27,0.010877,28.45,2399.290039,1397.0
2017-05-08,1723.35,91.42,0.198212,28.96,0.03988,30.47,2399.3798829999996,1391.640015
2017-05-09,1755.36,91.16,0.160074,33.58,0.027647,28.66,2396.919922,1391.859985
2017-05-10,1787.13,89.52,0.186066,31.96,0.031376,29.84,2399.6298829999996,1399.589966
2017-05-11,1848.57,89.88,0.183135,30.72,0.036203,29.51,2394.439941,1390.199951
2017-05-12,1724.24,88.66,0.206068,27.45,0.040706,28.68,2390.899902,1382.77002
2017-05-15,1738.43,92.41,0.27072,25.37,0.043552,27.79,2402.320068,1393.920044
2017-05-16,1734.45,89.44,0.34986100000000003,23.33,0.049368,26.26,2400.669922,1394.680054
2017-05-17,1839.09,89.86,0.394132,25.4,0.048568,26.93,2357.030029,1355.890015
2017-05-18,1888.65,96.91,0.364869,28.36,0.04627,30.33,2365.719971,1361.079956
2017-05-19,1987.71,129.53,0.327801,27.7,0.049577,31.87,2381.72998,1367.329956
2017-05-22,2173.4,174.26,0.317954,25.38,0.051003,36.17,2394.02002,1377.140015
2017-05-23,2320.42,181.95,0.323368,32.11,0.0555,55.62,2398.419922,1380.97998
2017-05-24,2443.64,190.05,0.29589,34.45,0.051364,45.38,2404.389893,1382.51001
2017-05-25,2304.98,174.45,0.246065,29.9,0.040021,40.12,2415.070068,1383.390015
2017-05-26,2202.42,160.4,0.271808,23.75,0.041065,38.71,2415.820068,1382.23999
2017-05-30,2175.47,231.91,0.205324,24.14,0.031009,39.79,2412.909912,1371.189941
2017-05-31,2286.41,230.67,0.24659,25.3,0.034273000000000005,41.83,2411.800049,1370.209961
2017-06-01,2407.88,222.24,0.33365700000000004,28.8,0.043069,43.7,2430.060059,1396.060059
2017-06-02,2488.55,223.78,0.303448,28.94,0.040226,44.0,2439.070068,1405.390015
2017-06-05,2686.81,248.46,0.294003,30.84,0.041507,48.26,2436.100098,1396.449951
2017-06-06,2863.2,264.47,0.284548,30.55,0.045407,55.57,2429.330078,1394.900024
2017-06-07,2732.16,258.07,0.279783,28.39,0.047098,52.54,2433.139893,1396.670044
2017-06-08,2805.62,261.67,0.28967800000000005,30.21,0.05042,56.19,2433.790039,1415.609985
2017-06-09,2823.81,281.74,0.286019,29.68,0.047356,55.62,2431.77002,1421.709961
2017-06-12,2659.63,401.49,0.253964,29.5,0.039988,50.04,2429.389893,1419.209961
2017-06-13,2717.02,397.54,0.26615300000000003,30.64,0.04186,51.8,2440.350098,1425.98999
2017-06-14,2506.37,359.05,0.278447,30.22,0.039828,46.3,2437.919922,1417.569946
2017-06-15,2464.58,361.93,0.259266,30.22,0.037439,46.02,2432.459961,1410.079956
2017-06-16,2518.56,370.23,0.262068,35.7,0.037536,48.11,2433.149902,1406.72998
2017-06-19,2589.6,370.06,0.296068,50.32,0.040252,49.09,2453.459961,1418.079956
2017-06-20,2721.79,359.0,0.324427,47.22,0.039366000000000005,48.08,2437.030029,1402.969971
2017-06-21,2689.1,336.87,0.296366,47.79,0.038124,46.59,2435.610107,1399.25
2017-06-22,2705.41,336.37,0.297848,47.71,0.038719,47.28,2434.5,1404.540039
2017-06-23,2744.91,341.74,0.31997800000000004,47.34,0.041397,51.41,2438.300049,1414.780029
2017-06-26,2478.45,272.69,0.27728800000000003,41.13,0.030218,43.49,2439.070068,1416.640015
2017-06-27,2552.45,293.09,0.276306,40.54,0.029113,43.57,2419.3798829999996,1403.52002
2017-06-28,2574.79,327.93,0.280455,42.85,0.031998,47.32,2440.689941,1425.27002
2017-06-29,2539.32,302.88,0.265421,41.07,0.029039,45.02,2419.699951,1416.199951
2017-06-30,2480.84,294.92,0.26293,40.35,0.026988,43.73,2423.409912,1415.359985
2017-07-03,2564.06,282.9,0.259959,46.43,0.026266,43.63,2429.01001,1426.680054
2017-07-05,2601.99,268.77,0.256523,53.19,0.025441,45.72,2432.540039,1420.150024
2017-07-06,2608.56,270.55,0.254641,51.13,0.025418,50.12,2409.75,1400.810059
2017-07-07,2518.66,245.99,0.23948000000000005,46.58,0.020415,44.25,2425.179932,1415.839966
2017-07-10,2372.56,215.36,0.203165,46.58,0.015137,40.01,2427.429932,1408.469971
2017-07-11,2337.79,197.4,0.185019,45.33,0.014518,37.14,2425.530029,1413.050049
2017-07-12,2398.84,230.77,0.205354,48.75,0.017907,40.39,2443.25,1424.319946
2017-07-13,2357.9,209.73,0.200809,46.33,0.017351,38.23,2447.830078,1425.660034
2017-07-14,2233.34,199.66,0.190769,42.8,0.016321000000000002,35.48,2459.27002,1428.819946
2017-07-17,2228.41,193.42,0.17788900000000002,42.67,0.018614,34.83,2459.139893,1431.599976
2017-07-18,2318.88,234.39,0.188718,44.3,0.018666,36.38,2460.610107,1427.609985
2017-07-19,2273.43,199.7,0.168388,40.86,0.017256,35.06,2473.830078,1441.77002
2017-07-20,2817.6,227.26,0.188295,45.02,0.018859,40.3,2473.449951,1442.349976
2017-07-21,2667.76,218.31,0.182608,45.76,0.019201,40.34,2472.540039,1435.839966
2017-07-24,2754.86,224.71,0.192002,44.41,0.022605,45.58,2469.909912,1438.050049
2017-07-25,2576.48,206.71,0.17810399999999998,42.24,0.018551,40.68,2477.1298829999996,1450.390015
2017-07-26,2529.45,203.95,0.173822,42.23,0.018878,45.8,2477.830078,1442.280029
2017-07-27,2671.78,204.32,0.173457,42.14,0.018322,45.24,2475.419922,1433.619995
2017-07-28,2809.01,193.12,0.165937,40.61,0.016961,43.96,2472.100098,1429.26001
2017-07-31,2875.34,203.87,0.16738599999999998,43.02,0.016094999999999998,39.84,2470.300049,1425.140015
2017-08-01,2718.26,226.77,0.177053,43.04,0.017933,44.15,2476.350098,1428.329956
2017-08-02,2710.67,219.95,0.17311300000000002,42.13,0.018413,43.63,2477.570068,1412.900024
2017-08-03,2804.73,225.34,0.174612,42.86,0.01886,43.36,2472.159912,1405.22998
2017-08-04,2895.89,223.07,0.173743,43.45,0.022241,45.12,2476.830078,1412.319946
2017-08-07,3378.94,269.18,0.179021,45.8,0.022195,50.21,2480.909912,1414.170044
2017-08-08,3419.94,296.77,0.192586,48.63,0.023737,51.94,2474.919922,1410.150024
2017-08-09,3342.47,296.03,0.182947,48.01,0.022996,50.96,2474.02002,1396.949951
2017-08-10,3381.28,295.89,0.180399,46.5,0.022007,49.47,2438.209961,1372.540039
2017-08-11,3650.62,308.86,0.179307,47.1,0.021480000000000003,50.65,2441.320068,1374.22998
2017-08-14,4325.13,300.1,0.169991,45.8,0.017622,49.75,2465.840088,1394.310059
2017-08-15,4181.93,289.82,0.161221,43.31,0.017433,48.74,2464.610107,1383.23999
2017-08-16,4376.63,302.27,0.160431,44.15,0.017702000000000002,48.78,2468.110107,1383.530029
2017-08-17,4331.69,301.46,0.157498,43.91,0.017327000000000002,47.45,2430.01001,1358.939941
2017-08-18,4160.62,295.59,0.158883,47.28,0.016842,46.69,2425.550049,1357.790039
2017-08-21,4001.74,321.59,0.191918,47.94,0.019753,77.82,2428.3701170000004,1356.900024
2017-08-22,4100.52,314.79,0.23928600000000005,46.73,0.021624,91.16,2452.51001,1371.540039
2017-08-23,4151.52,317.52,0.246827,53.25,0.020223,90.33,2444.040039,1369.73999
2017-08-24,4334.68,325.61,0.218958,50.19,0.019024,86.29,2438.969971,1373.880005
2017-08-25,4371.6,331.92,0.217828,51.18,0.020497,108.26,2443.050049,1377.449951
2017-08-28,4382.66,347.75,0.224508,62.36,0.020525,145.4,2444.23999,1382.22998
2017-08-29,4579.02,370.67,0.218564,63.17,0.020104,133.03,2446.300049,1383.680054
2017-08-30,4565.3,378.49,0.228006,64.17,0.021224,132.38,2457.590088,1391.319946
2017-08-31,4703.39,383.04,0.25563,71.06,0.022405,140.41,2471.649902,1405.280029
2017-09-01,4892.01,387.74,0.248479,86.04,0.023954,141.2,2476.550049,1413.569946
2017-09-05,4376.53,312.99,0.215189,71.29,0.018567,118.82,2457.850098,1399.660034
2017-09-06,4597.12,334.34,0.22618600000000005,80.11,0.020346,121.63,2465.540039,1402.199951
2017-09-07,4599.88,329.43,0.22364,78.48,0.020096,120.84,2465.100098,1398.670044
2017-09-08,4228.75,296.5,0.211518,67.79,0.017447,118.04,2461.429932,1399.430054
2017-09-11,4161.27,294.53,0.214441,66.04,0.016993,112.75,2488.110107,1414.829956
2017-09-12,4130.81,291.46,0.209303,64.23,0.016324,111.89,2496.47998,1423.459961
2017-09-13,3882.59,277.11,0.200778,61.73,0.015328,111.33,2498.3701170000004,1426.890015
2017-09-14,3154.95,213.91,0.164167,41.58,0.011038,83.04,2495.6201170000004,1425.02002
2017-09-15,3637.52,250.46,0.181358,48.21,0.012096,99.85,2500.22998,1431.709961
2017-09-18,4065.2,293.5,0.189768,55.53,0.013455000000000002,100.57,2503.8701170000004,1441.079956
2017-09-19,3924.97,282.8,0.184041,52.84,0.011794,97.72,2506.649902,1440.400024
2017-09-20,3905.95,283.74,0.182078,51.73,0.012236,95.57,2508.23999,1445.420044
2017-09-21,3631.04,258.58,0.171754,46.61,0.0106,86.24,2500.600098,1444.180054
2017-09-22,3630.7,264.31,0.17351,48.09,0.010776,88.17,2502.219971,1450.780029
2017-09-25,3926.07,292.33,0.181487,51.58,0.012073,93.64,2496.659912,1451.959961
2017-09-26,3892.35,287.44,0.186119,51.55,0.012388,93.13,2496.840088,1456.859985
2017-09-27,4200.67,306.47,0.203299,56.28,0.014378,101.04,2507.040039,1484.810059
2017-09-28,4174.73,299.15,0.196131,54.09,0.013863,97.23,2510.060059,1488.790039
2017-09-29,4163.07,291.47,0.193606,52.62,0.013204,94.5,2519.360107,1490.859985
2017-10-02,4409.32,297.48,0.202676,53.38,0.012962,91.54,2529.1201170000004,1509.469971
2017-10-03,4317.48,292.46,0.203318,52.35,0.012403,92.96,2534.580078,1511.969971
2017-10-04,4229.36,292.66,0.214774,51.4,0.011851,90.41,2537.73999,1507.76001
2017-10-05,4328.41,295.86,0.237016,51.67,0.014576,91.86,2552.070068,1512.089966
2017-10-06,4370.81,308.59,0.234039,52.12,0.018403,91.19,2549.330078,1510.219971
2017-10-09,4772.02,297.39,0.251825,50.16,0.017601,85.49,2544.72998,1503.560059
2017-10-10,4781.99,299.87,0.260733,50.72,0.018953,86.82,2550.639893,1508.01001
2017-10-11,4826.48,303.46,0.264439,50.89,0.01945,87.42,2555.23999,1506.920044
2017-10-12,5446.91,304.14,0.248414,60.11,0.017784,87.09,2550.929932,1505.160034
2017-10-13,5647.21,338.76,0.260489,59.43,0.01796,95.13,2553.169922,1502.660034
2017-10-16,5725.59,333.38,0.256232,64.62,0.036865,95.9,2557.639893,1502.680054
2017-10-17,5605.51,317.08,0.232064,59.48,0.045842,91.28,2559.360107,1497.5
2017-10-18,5590.69,314.32,0.21852,60.73,0.035133,89.54,2561.26001,1505.140015
2017-10-19,5708.52,308.09,0.21515,59.74,0.031195,88.62,2562.100098,1502.040039
2017-10-20,6011.45,304.01,0.210549,60.33,0.026756,90.54,2575.209961,1509.25
2017-10-23,5930.32,286.95,0.196928,54.92,0.033832,85.21,2564.97998,1497.48999
2017-10-24,5526.64,298.33,0.206644,55.96,0.036649,88.4,2569.1298829999996,1500.420044
2017-10-25,5750.8,297.93,0.204604,56.49,0.035004,88.13,2557.149902,1493.47998
2017-10-26,5904.83,296.53,0.203628,55.74,0.034546,88.58,2560.399902,1497.459961
2017-10-27,5780.9,297.42,0.202785,55.33,0.034236,86.75,2581.070068,1508.319946
2017-10-30,6130.53,307.75,0.202711,56.39,0.031804,88.84,2572.830078,1490.900024
2017-10-31,6468.4,305.88,0.200558,55.75,0.029182,87.64,2575.26001,1502.530029
2017-11-01,6767.31,291.69,0.194124,53.18,0.027353,85.72,2579.360107,1492.780029
2017-11-02,7078.5,287.43,0.205861,54.74,0.027607,83.76,2579.850098,1496.550049
2017-11-03,7207.76,305.71,0.208133,56.18,0.027779,87.99,2587.840088,1494.910034
2017-11-06,7022.76,298.89,0.20599,55.17,0.02888,102.92,2591.1298829999996,1497.959961
2017-11-07,7144.38,294.66,0.210354,61.3,0.030699,99.76,2590.639893,1479.089966
2017-11-08,7459.69,309.07,0.217437,62.57,0.033763,113.31,2594.3798829999996,1481.72998
2017-11-09,7143.58,320.88,0.217488,64.27,0.039946,120.78,2584.6201170000004,1475.02002
2017-11-10,6618.14,299.25,0.206483,59.26,0.033073000000000005,105.59,2582.300049,1475.27002
2017-11-13,6559.49,316.72,0.203442,61.4,0.030656,123.4,2584.840088,1475.069946
2017-11-14,6635.75,337.63,0.209825,62.68,0.036374,122.35,2578.8701170000004,1471.26001
2017-11-15,7315.54,333.36,0.212956,63.82,0.037053,121.37,2564.6201170000004,1464.089966
2017-11-16,7871.69,330.92,0.227107,71.06,0.037234,120.31,2585.639893,1486.880005
2017-11-17,7708.99,332.39,0.226581,67.57,0.035572,126.7,2578.850098,1492.819946
2017-11-20,8200.64,366.73,0.23875900000000005,72.25,0.038121,135.76,2582.139893,1503.400024
2017-11-21,8071.26,360.4,0.233271,70.03,0.037668,141.74,2599.030029,1518.890015
2017-11-22,8253.55,380.65,0.238859,71.89,0.042299,165.95,2597.080078,1516.76001
2017-11-24,8253.69,474.91,0.244642,77.97,0.040193,160.03,2602.419922,1519.160034
2017-11-27,9818.35,480.36,0.253927,91.6,0.059842999999999986,173.39,2601.419922,1513.310059
2017-11-28,10058.8,472.9,0.299152,96.03,0.081415,203.21,2627.040039,1536.430054
2017-11-29,9888.61,427.52,0.243064,85.57,0.064424,168.15,2626.070068,1542.300049
2017-11-30,10233.6,447.11,0.25087800000000005,88.33,0.072871,180.14,2647.580078,1544.140015
2017-12-01,10975.6,466.54,0.25569899999999995,99.0,0.089883,190.94,2642.219971,1537.02002
2017-12-04,11657.2,470.2,0.253571,104.24,0.09761,210.24,2639.439941,1532.410034
2017-12-05,11916.7,463.28,0.246101,102.4,0.123523,269.48,2629.570068,1516.76001
2017-12-06,14291.5,428.59,0.232544,100.35,0.151622,278.69,2629.27002,1508.880005
2017-12-07,17899.7,434.41,0.222823,98.29,0.133046,280.86,2636.97998,1520.469971
2017-12-08,16569.4,456.03,0.252125,124.85,0.13726,276.74,2651.5,1521.719971
2017-12-11,16936.8,515.14,0.251691,214.2,0.144956,279.67,2659.98999,1519.839966
2017-12-12,17415.4,651.43,0.373541,316.16,0.156444,308.07,2664.110107,1516.119995
2017-12-13,16408.2,702.77,0.471063,302.6,0.149342,305.75,2662.850098,1524.449951
2017-12-14,16564.0,695.82,0.8642629999999999,279.33,0.188907,325.21,2652.01001,1506.949951
2017-12-15,17706.9,684.45,0.756181,299.78,0.195862,312.32,2675.810059,1530.420044
2017-12-18,19114.2,794.64,0.778407,358.34,0.276283,381.51,2690.159912,1548.920044
2017-12-19,17776.7,826.82,0.791257,350.25,0.26431,377.24,2681.469971,1536.75
2017-12-20,16624.6,819.09,0.775964,314.62,0.252386,469.2,2679.25,1540.079956
2017-12-21,15802.9,821.06,1.19,317.46,0.2572,417.98,2684.570068,1547.109985
2017-12-22,13831.8,674.86,1.14,264.93,0.216717,346.11,2683.340088,1542.930054
2017-12-26,16099.8,773.84,1.19,286.5,0.226018,381.54,2680.5,1544.22998
2017-12-27,15838.5,762.84,1.4,272.17,0.229224,421.85,2682.6201170000004,1543.939941
2017-12-28,14606.5,737.02,1.43,249.93,0.223544,378.9,2687.540039,1548.930054
2017-12-29,14656.2,753.59,2.21,245.5,0.322941,377.37,2673.610107,1535.51001
2018-01-02,14982.1,884.44,2.48,255.68,0.564766,383.42,2695.810059,1550.01001
2018-01-03,15201.0,962.72,3.11,245.37,0.896227,412.06,2713.060059,1552.579956
2018-01-04,15599.2,980.92,3.2,241.37,0.72405,403.05,2723.98999,1555.719971
2018-01-05,17429.5,997.72,3.05,249.27,0.662712,384.94,2743.149902,1560.01001
2018-01-08,15170.1,1148.53,2.46,255.76,0.629323,405.07,2747.709961,1561.810059
2018-01-09,14595.4,1299.74,2.1,247.04,0.585653,413.33,2751.290039,1560.099976
2018-01-10,14973.3,1255.82,1.97,250.52,0.56693,407.74,2748.22998,1559.800049
2018-01-11,13405.8,1154.93,1.95,229.37,0.558126,355.59,2767.560059,1586.790039
2018-01-12,13980.6,1273.2,2.04,236.86,0.67796,394.78,2786.23999,1591.969971
2018-01-16,11490.5,1053.69,1.18,188.33,0.441197,320.04,2776.419922,1572.969971
2018-01-17,11188.6,1014.25,1.31,186.52,0.477187,319.19,2802.560059,1586.660034
2018-01-18,11474.9,1036.28,1.6,192.84,0.509523,316.47,2798.030029,1576.72998
2018-01-19,11607.4,1039.1,1.55,192.96,0.506232,364.62,2810.300049,1597.630005
2018-01-22,10931.4,1003.26,1.36,180.01,0.486338,315.9,2832.969971,1605.170044
2018-01-23,10868.4,986.23,1.34,177.81,0.486185,308.46,2839.1298829999996,1610.709961
2018-01-24,11359.4,1058.78,1.36,179.99,0.567014,317.4,2837.540039,1601.77002
2018-01-25,11259.4,1056.03,1.31,180.27,0.6082529999999999,317.1,2839.25,1601.670044
2018-01-26,11171.4,1055.17,1.22,176.73,0.633916,323.69,2872.8701170000004,1608.060059
2018-01-29,11296.4,1182.36,1.32,181.66,0.589283,316.63,2853.530029,1598.109985
2018-01-30,10106.3,1071.13,1.14,165.28,0.489648,274.02,2822.429932,1582.819946
2018-01-31,10221.1,1118.31,1.16,163.35,0.539797,272.89,2823.810059,1574.97998
2018-02-01,9170.54,1036.79,0.96253,142.3,0.456455,240.97,2821.97998,1579.869995
2018-02-02,8830.75,915.78,0.884784,131.38,0.405075,235.63,2762.1298829999996,1547.27002
2018-02-05,6955.27,697.95,0.6917989999999999,125.33,0.331192,179.49,2648.939941,1491.089966
2018-02-06,7754.0,793.12,0.776393,142.99,0.370811,212.29,2695.139893,1507.170044
2018-02-07,7621.3,757.07,0.723895,138.2,0.342125,207.28,2681.659912,1507.969971
2018-02-08,8265.59,817.81,0.8052630000000001,149.47,0.363565,247.22,2581.0,1463.790039
2018-02-09,8736.98,883.87,0.954428,163.95,0.401068,260.43,2619.550049,1477.839966
2018-02-12,8926.57,868.71,1.08,161.57,0.395649,247.57,2656.0,1490.97998
2018-02-13,8598.31,845.26,1.03,159.55,0.410614,234.69,2662.939941,1494.949951
2018-02-14,9494.63,923.56,1.14,213.36,0.453888,276.66,2698.6298829999996,1522.099976
2018-02-15,10166.4,936.98,1.15,225.43,0.453556,303.25,2731.199951,1537.199951
2018-02-16,10233.9,944.21,1.14,230.12,0.455446,296.48,2732.219971,1543.550049
2018-02-20,11403.7,895.37,1.09,232.85,0.402289,304.4,2716.26001,1529.98999
2018-02-21,10690.4,849.97,1.02,213.35,0.396765,322.61,2701.330078,1531.839966
2018-02-22,10005.0,812.85,0.941788,195.31,0.366447,282.76,2703.959961,1529.98999
2018-02-23,10301.1,864.19,0.998855,209.31,0.381985,285.71,2747.300049,1549.189941
2018-02-26,10366.7,869.32,0.956859,220.96,0.364579,293.61,2779.600098,1559.329956
2018-02-27,10725.6,878.26,0.947305,216.6,0.362051,302.54,2744.280029,1536.469971
2018-02-28,10397.9,855.2,0.904583,202.9,0.333916,285.7,2713.830078,1512.449951
2018-03-01,10951.0,872.2,0.928347,209.75,0.339314,314.04,2677.669922,1507.390015
2018-03-02,11086.4,856.85,0.910144,212.56,0.32010700000000003,344.73,2691.25,1533.170044
