"","RUT.Open","RUT.High","RUT.Low","RUT.Close","RUT.Volume","RUT.Adjusted"
"2015-08-07",1209.47998,1211.930054,1200.410034,1206.900024,36023200,1206.900024
"2015-08-10",1212.420044,1223.390015,1212.420044,1222.670044,35144600,1222.670044
"2015-08-11",1214.140015,1218.670044,1205.869995,1211.140015,37088800,1211.140015
"2015-08-12",1203.170044,1210.97998,1189.420044,1208.97998,42691300,1208.97998
"2015-08-13",1208.569946,1213.410034,1203.640015,1204.73999,32213000,1204.73999
"2015-08-14",1202.109985,1212.790039,1199.459961,1212.689941,27955900,1212.689941
"2015-08-17",1209.23999,1225.089966,1206.400024,1225.089966,28676900,1225.089966
"2015-08-18",1224.079956,1224.119995,1214.26001,1214.890015,29499900,1214.890015
"2015-08-19",1208.550049,1211.680054,1196.660034,1202.97998,35129200,1202.97998
"2015-08-20",1193.900024,1193.930054,1172.52002,1172.52002,39224700,1172.52002
"2015-08-21",1158,1172.76001,1152.369995,1156.790039,50182400,1156.790039
"2015-08-24",1119.76001,1148.579956,1105.930054,1111.689941,66126900,1111.689941
"2015-08-25",1133.130005,1133.150024,1104.050049,1104.099976,51835600,1104.099976
"2015-08-26",1119.280029,1132.630005,1102.579956,1132.189941,53382500,1132.189941
"2015-08-27",1140.920044,1157.900024,1133.77002,1153.609985,49763900,1153.609985
"2015-08-28",1149.550049,1163.050049,1149.469971,1162.910034,39490800,1162.910034
"2015-08-31",1161.01001,1164.890015,1156.369995,1159.449951,39151000,1159.449951
"2015-09-01",1148.310059,1151.530029,1124.459961,1128.050049,43718500,1128.050049
"2015-09-02",1128.050049,1146.030029,1128.050049,1146.030029,37426200,1146.030029
"2015-09-03",1148.619995,1157.630005,1143.790039,1145.150024,35207000,1145.150024
"2015-09-04",1132.949951,1142.550049,1130.75,1136.170044,31670900,1136.170044
"2015-09-08",1139.069946,1162.449951,1139.069946,1161.76001,35486500,1161.76001
"2015-09-09",1162.719971,1170.199951,1147.329956,1148.22998,36521200,1148.22998
"2015-09-10",1147.98999,1158.26001,1146.469971,1153.030029,36263200,1153.030029
"2015-09-11",1152.51001,1157.910034,1143.72998,1157.790039,32185900,1157.790039
"2015-09-14",1158.030029,1159.170044,1151.310059,1153.5,30002000,1153.5
"2015-09-15",1153.930054,1167.280029,1153.930054,1166,32398600,1166
"2015-09-16",1166.170044,1175.890015,1165.410034,1175.199951,36306800,1175.199951
"2015-09-17",1175.089966,1193.98999,1173.699951,1180.689941,41837900,1180.689941
"2015-09-18",1175.339966,1175.339966,1160.660034,1163.349976,60002400,1163.349976
"2015-09-21",1165.040039,1177.959961,1158.099976,1161.089966,32593500,1161.089966
"2015-09-22",1158.420044,1158.420044,1137.699951,1143.030029,38082600,1143.030029
"2015-09-23",1143.410034,1149.219971,1137.410034,1140.050049,31905300,1140.050049
"2015-09-24",1137.880005,1138.959961,1124.75,1137.540039,40915300,1137.540039
"2015-09-25",1140.23999,1146.719971,1119.300049,1122.790039,37218700,1122.790039
"2015-09-28",1121.869995,1121.869995,1087.469971,1090.569946,43266600,1090.569946
"2015-09-29",1090.949951,1098.02002,1078.630005,1083.910034,41323900,1083.910034
"2015-09-30",1087.079956,1101.930054,1087.079956,1100.689941,45250700,1100.689941
"2015-10-01",1100.890015,1103.699951,1083.900024,1097.550049,39836000,1097.550049
"2015-10-02",1095.579956,1114.119995,1080.609985,1114.119995,43785700,1114.119995
"2015-10-05",1115.819946,1142.180054,1115.819946,1141.640015,43344900,1141.640015
"2015-10-06",1141.430054,1143.630005,1127.119995,1133.689941,42024000,1133.689941
"2015-10-07",1134.48999,1152.609985,1134.48999,1152.599976,46664700,1152.599976
"2015-10-08",1152.430054,1164.579956,1149.300049,1163.23999,39391400,1163.23999
"2015-10-09",1163.640015,1168.76001,1162.910034,1165.359985,37069000,1165.359985
"2015-10-12",1165.449951,1166.51001,1159.540039,1164.400024,28932500,1164.400024
"2015-10-13",1163.25,1169.709961,1147.839966,1147.839966,34019200,1147.839966
"2015-10-14",1147.880005,1153.469971,1136.060059,1136.969971,36445900,1136.969971
"2015-10-15",1137.97998,1162.819946,1135.670044,1162.77002,37062900,1162.77002
"2015-10-16",1163.589966,1165.22998,1152.569946,1162.310059,35954300,1162.310059
"2015-10-19",1161.800049,1168.920044,1155.569946,1164.300049,32873200,1164.300049
"2015-10-20",1164.369995,1169.609985,1159.079956,1163.27002,33315000,1163.27002
"2015-10-21",1164.02002,1167.01001,1144.900024,1144.949951,36277900,1144.949951
"2015-10-22",1147.089966,1160.079956,1145.800049,1154.52002,44308500,1154.52002
"2015-10-23",1157.040039,1166.420044,1155.650024,1166.060059,41084600,1166.060059
"2015-10-26",1165.77002,1165.77002,1157.52002,1159.5,33858000,1159.5
"2015-10-27",1158.530029,1158.530029,1139.920044,1145.290039,42168800,1145.290039
"2015-10-28",1145.47998,1178.780029,1145.47998,1178.719971,46981100,1178.719971
"2015-10-29",1178.359985,1178.359985,1164.23999,1165.630005,40089400,1165.630005
"2015-10-30",1165.47998,1167.650024,1159.660034,1161.859985,42562000,1161.859985
"2015-11-02",1161.949951,1187.619995,1161.949951,1186.089966,37600200,1186.089966
"2015-11-03",1185.780029,1196.560059,1182.369995,1191.579956,42720600,1191.579956
"2015-11-04",1192.280029,1196.140015,1185.390015,1190.380005,40788700,1190.380005
"2015-11-05",1190.310059,1191.930054,1179.73999,1190.689941,40518900,1190.689941
"2015-11-06",1190.030029,1199.959961,1181.780029,1199.75,43690200,1199.75
"2015-11-09",1199.579956,1199.579956,1180.560059,1184.430054,38823500,1184.430054
"2015-11-10",1183.689941,1187.719971,1177.430054,1187.699951,38214400,1187.699951
"2015-11-11",1188.27002,1189.849976,1178.060059,1178.069946,36924100,1178.069946
"2015-11-12",1177.349976,1177.349976,1154.380005,1154.810059,40163700,1154.810059
"2015-11-13",1154.089966,1158.430054,1144.339966,1146.550049,42787500,1146.550049
"2015-11-16",1146.369995,1156.219971,1140.76001,1156.079956,37412400,1156.079956
"2015-11-17",1156.160034,1166.339966,1152.48999,1153.209961,44273500,1153.209961
"2015-11-18",1153.390015,1172.02002,1153.390015,1171.75,39263900,1171.75
"2015-11-19",1171.699951,1172.290039,1164.189941,1166.72998,36281100,1166.72998
"2015-11-20",1168.349976,1178.73999,1168.349976,1175.150024,39296000,1175.150024
"2015-11-23",1174.890015,1184.410034,1173.75,1180.359985,35879800,1180.359985
"2015-11-24",1179.22998,1189.660034,1172.880005,1188.810059,38849300,1188.810059
"2015-11-25",1188.900024,1198.530029,1188.51001,1198.02002,28529400,1198.02002
"2015-11-27",1197.910034,1203.689941,1195.839966,1202.380005,14668400,1202.380005
"2015-11-30",1202.77002,1204.869995,1197.199951,1198.109985,42450300,1198.109985
"2015-12-01",1198.930054,1204.400024,1195.689941,1204.160034,37121200,1204.160034
"2015-12-02",1203.890015,1205.079956,1190.849976,1191.689941,39506400,1191.689941
"2015-12-03",1192.699951,1196.680054,1168.150024,1170.569946,43064900,1170.569946
"2015-12-04",1170.640015,1183.819946,1170.48999,1183.400024,42149100,1183.400024
"2015-12-07",1183.069946,1183.069946,1161.579956,1164.300049,40438200,1164.300049
"2015-12-08",1162.25,1163.72998,1151.27002,1159.400024,41735700,1159.400024
"2015-12-09",1158.97998,1165.560059,1142.75,1145.869995,43852500,1145.869995
"2015-12-10",1145.660034,1154.839966,1144.030029,1149.02002,37151500,1149.02002
"2015-12-11",1146.22998,1146.22998,1121.27002,1123.609985,43010600,1123.609985
"2015-12-14",1123.630005,1126.48999,1108.76001,1115.859985,46124400,1115.859985
"2015-12-15",1117.02002,1133.319946,1117.02002,1131.550049,43535400,1131.550049
"2015-12-16",1133.819946,1150.27002,1133.819946,1148.969971,45954500,1148.969971
"2015-12-17",1149.209961,1151.400024,1135.349976,1135.359985,43273900,1135.359985
"2015-12-18",1134.949951,1134.949951,1120.469971,1121.02002,66830700,1121.02002
"2015-12-21",1122.160034,1130.400024,1120.609985,1127.73999,37602800,1127.73999
"2015-12-22",1128.47998,1138.650024,1123.670044,1137.689941,35208600,1137.689941
"2015-12-23",1139.040039,1152.910034,1139.040039,1152.819946,34840900,1152.819946
"2015-12-24",1152.75,1159.709961,1151.599976,1154.76001,14118600,1154.76001
"2015-12-28",1153.98999,1153.98999,1140.02002,1148.209961,24925100,1148.209961
"2015-12-29",1148.959961,1160.939941,1148.73999,1160.52002,25420000,1160.52002
"2015-12-30",1159.969971,1160.380005,1149.160034,1149.640015,23674300,1149.640015
"2015-12-31",1149.329956,1149.329956,1135.569946,1135.890015,26553300,1135.890015
"2016-01-04",1134.079956,1134.079956,1100.530029,1108.619995,43048800,1108.619995
"2016-01-05",1109.099976,1112.670044,1104.75,1110.439941,37066200,1110.439941
"2016-01-06",1109.459961,1109.459961,1088.77002,1094.369995,43366600,1094.369995
"2016-01-07",1090.949951,1090.949951,1063.839966,1064.569946,50765900,1064.569946
"2016-01-08",1065.849976,1072.089966,1045.109985,1046.199951,46649400,1046.199951
"2016-01-11",1046.640015,1052.589966,1031.670044,1041.900024,46072900,1041.900024
"2016-01-12",1044.97998,1056.920044,1028.140015,1044.699951,48872600,1044.699951
"2016-01-13",1045.73999,1050.660034,1005.690002,1010.190002,50870300,1010.190002
"2016-01-14",1010.640015,1033.579956,999.619995,1025.670044,52411100,1025.670044
"2016-01-15",1023.919983,1023.919983,983.97998,1007.719971,54684600,1007.719971
"2016-01-19",1010.299988,1017.830017,985.219971,994.869995,49283500,994.869995
"2016-01-20",991.789978,1008.679993,958.47998,999.309998,64160700,999.309998
"2016-01-21",999.530029,1014.5,992.119995,997.340027,50788100,997.340027
"2016-01-22",999.809998,1021.840027,999.809998,1020.659973,49017600,1020.659973
"2016-01-25",1019.429993,1019.429993,996.039978,997.369995,44013800,997.369995
"2016-01-26",998.190002,1019.51001,998.190002,1017.969971,43579400,1017.969971
"2016-01-27",1016.900024,1021.849976,998.809998,1002.75,47540400,1002.75
"2016-01-28",1004.150024,1014.47998,1000.380005,1003.27002,46930100,1003.27002
"2016-01-29",1003.52002,1035.380005,1003.52002,1035.380005,54975700,1035.380005
"2016-02-01",1033.530029,1037.27002,1020.590027,1032.390015,43225300,1032.390015
"2016-02-02",1030.560059,1030.560059,1005.400024,1008.840027,44631900,1008.840027
"2016-02-03",1009.5,1016.919983,989.25,1010.299988,51729500,1010.299988
"2016-02-04",1009.929993,1025.109985,1008.590027,1014.789978,51933200,1014.789978
"2016-02-05",1014.309998,1014.309998,985.619995,985.619995,49299400,985.619995
"2016-02-08",982.150024,982.150024,955.710022,969.340027,56364600,969.340027
"2016-02-09",967.849976,975.140015,957.090027,963.900024,51321400,963.900024
"2016-02-10",965.52002,983.450012,963.320007,963.47998,44711700,963.47998
"2016-02-11",958.890015,958.890015,943.099976,953.719971,55008000,953.719971
"2016-02-12",955.340027,972.869995,955.340027,971.98999,46969200,971.98999
"2016-02-16",972.450012,996.390015,972.450012,995.799988,45706700,995.799988
"2016-02-17",997.830017,1016.280029,997.830017,1011.130005,50115400,1011.130005
"2016-02-18",1011.97998,1013.599976,1002.409973,1004.710022,44364900,1004.710022
"2016-02-19",1003.719971,1010.719971,998.27002,1010.01001,41428500,1010.01001
"2016-02-22",1010.390015,1025.280029,1010.390015,1021.73999,40547100,1021.73999
"2016-02-23",1021.25,1021.25,1012.150024,1012.150024,38906500,1012.150024
"2016-02-24",1010.099976,1023.059998,996.700012,1022.080017,43172500,1022.080017
"2016-02-25",1022.960022,1031.579956,1020.460022,1031.579956,41182100,1031.579956
"2016-02-26",1031.589966,1039.709961,1031.589966,1037.180054,43485100,1037.180054
"2016-02-29",1037.209961,1044.910034,1033.670044,1033.900024,45881800,1033.900024
"2016-03-01",1035.52002,1054.48999,1035.52002,1054.48999,48197500,1054.48999
"2016-03-02",1054.23999,1065.680054,1052.150024,1065.670044,46666100,1065.670044
"2016-03-03",1065.640015,1076.089966,1064.599976,1076.050049,50817000,1076.050049
"2016-03-04",1076.339966,1088.23999,1073.819946,1081.930054,60499300,1081.930054
"2016-03-07",1081.280029,1094.5,1077.939941,1094.150024,49681800,1094.150024
"2016-03-08",1092.709961,1092.709961,1067.23999,1067.880005,46416500,1067.880005
"2016-03-09",1068.449951,1074.199951,1067.130005,1072.77002,40381200,1072.77002
"2016-03-10",1073.410034,1078.97998,1054.560059,1063.98999,43767900,1063.98999
"2016-03-11",1066.109985,1087.869995,1066.109985,1087.560059,40786200,1087.560059
"2016-03-14",1086.969971,1087.459961,1079.900024,1084.25,34878500,1084.25
"2016-03-15",1082.680054,1082.680054,1065.51001,1066.670044,35602800,1066.670044
"2016-03-16",1066.079956,1076.51001,1063.660034,1074.51001,40570200,1074.51001
"2016-03-17",1074.400024,1094.689941,1069.890015,1091.25,45304800,1091.25
"2016-03-18",1092.01001,1102.97998,1092.01001,1101.670044,65031400,1101.670044
"2016-03-21",1101.459961,1103.630005,1096.160034,1098.579956,33766000,1098.579956
"2016-03-22",1096.680054,1100.76001,1090,1097.339966,34184600,1097.339966
"2016-03-23",1097.050049,1097.050049,1075.699951,1075.699951,36395100,1075.699951
"2016-03-24",1074.699951,1079.540039,1065.619995,1079.540039,34077200,1079.540039
"2016-03-28",1079.939941,1084.469971,1073.459961,1080.22998,28090900,1080.22998
"2016-03-29",1079.819946,1109.209961,1075.430054,1109.079956,38223300,1109.079956
"2016-03-30",1110.189941,1117.349976,1107.72998,1110.439941,35903100,1110.439941
"2016-03-31",1110.430054,1117.790039,1109.530029,1114.030029,37152800,1114.030029
"2016-04-01",1112.900024,1118.390015,1102.119995,1117.680054,37499900,1117.680054
"2016-04-04",1117.689941,1119.410034,1108.170044,1108.540039,34857100,1108.540039
"2016-04-05",1106.219971,1106.219971,1095.25,1095.849976,41549200,1095.849976
"2016-04-06",1095.98999,1109.02002,1094.23999,1108.810059,37508000,1108.810059
"2016-04-07",1107.890015,1107.890015,1088.560059,1092.790039,38012500,1092.790039
"2016-04-08",1093.859985,1106.050049,1093.77002,1097.310059,33595300,1097.310059
"2016-04-11",1097.959961,1110.430054,1094.310059,1094.339966,35678400,1094.339966
"2016-04-12",1094.459961,1107.359985,1091.650024,1105.709961,42397400,1105.709961
"2016-04-13",1106.47998,1129.930054,1106.47998,1129.930054,41918300,1129.930054
"2016-04-14",1130.079956,1132.089966,1125.130005,1128.589966,37658700,1128.589966
"2016-04-15",1128.079956,1132.140015,1125.060059,1130.920044,37014500,1130.920044
"2016-04-18",1129.719971,1139.47998,1125.160034,1139.280029,33168800,1139.280029
"2016-04-19",1139.829956,1146.5,1135.849976,1140.22998,38968300,1140.22998
"2016-04-20",1140.140015,1147.719971,1137.319946,1142.290039,41848800,1142.290039
"2016-04-21",1142.369995,1144.540039,1133.439941,1135.77002,41752900,1135.77002
"2016-04-22",1135.660034,1147.410034,1135.51001,1146.689941,37905800,1146.689941
"2016-04-25",1146.26001,1146.26001,1134.849976,1138.099976,33197400,1138.099976
"2016-04-26",1138.699951,1150.819946,1138.699951,1150.72998,35571900,1150.72998
"2016-04-27",1150.920044,1156.069946,1145.849976,1154.150024,41001100,1154.150024
"2016-04-28",1153.109985,1155.550049,1138.699951,1140.400024,43098400,1140.400024
"2016-04-29",1140.109985,1140.109985,1124.26001,1130.849976,47047200,1130.849976
"2016-05-02",1131.209961,1140.920044,1129.23999,1140.920044,38411100,1140.920044
"2016-05-03",1138.869995,1138.869995,1116.530029,1121.76001,41733900,1121.76001
"2016-05-04",1121.160034,1123.689941,1110.390015,1113.130005,40585600,1113.130005
"2016-05-05",1114.349976,1118.380005,1107.640015,1107.949951,40085300,1107.949951
"2016-05-06",1107.800049,1114.77002,1101.569946,1114.719971,37963500,1114.719971
"2016-05-09",1114.719971,1123.650024,1113.079956,1118.25,37886200,1118.25
"2016-05-10",1118.73999,1129.040039,1117.939941,1128.829956,36002000,1128.829956
"2016-05-11",1128.469971,1128.469971,1114.609985,1114.73999,38219800,1114.73999
"2016-05-12",1114.869995,1119.890015,1101.26001,1108.599976,37823900,1108.599976
"2016-05-13",1108.369995,1112.959961,1099.439941,1102.439941,35798800,1102.439941
"2016-05-16",1103.22998,1119.680054,1103.22998,1116.209961,35013600,1116.209961
"2016-05-17",1115.410034,1118.339966,1094.060059,1097.680054,41089600,1097.680054
"2016-05-18",1097.189941,1110.72998,1093.949951,1102.949951,41013200,1102.949951
"2016-05-19",1101.689941,1103.719971,1085.939941,1094.780029,38467700,1094.780029
"2016-05-20",1095.160034,1112.319946,1095.160034,1112.280029,35076500,1112.280029
"2016-05-23",1112.469971,1117.319946,1110.869995,1111.369995,30554800,1111.369995
"2016-05-24",1112.51001,1136.290039,1112.51001,1135.310059,36273400,1135.310059
"2016-05-25",1136.369995,1142.849976,1136.369995,1141.02002,38591600,1141.02002
"2016-05-26",1141.099976,1143.189941,1137.589966,1139.75,32309900,1139.75
"2016-05-27",1139.97998,1150.449951,1139.97998,1150.449951,30791500,1150.449951
"2016-05-31",1150.599976,1158.969971,1150.339966,1154.790039,45144100,1154.790039
"2016-06-01",1154.51001,1163.430054,1148.599976,1163.040039,35251700,1163.040039
"2016-06-02",1162.73999,1170.77002,1159.359985,1170.579956,36327200,1170.579956
"2016-06-03",1170.390015,1170.390015,1155.839966,1164.140015,36277800,1164.140015
"2016-06-06",1164.26001,1179.339966,1163.680054,1176.869995,34420200,1176.869995
"2016-06-07",1177.189941,1183.75,1175.050049,1179.969971,35347300,1179.969971
"2016-06-08",1180.199951,1190.170044,1180.199951,1188.949951,35620600,1188.949951
"2016-06-09",1188.22998,1188.22998,1177.859985,1181.199951,32903200,1181.199951
"2016-06-10",1178.380005,1178.380005,1161.27002,1163.930054,35150100,1163.930054
"2016-06-13",1162.530029,1164.900024,1149.47998,1150.699951,33920300,1150.699951
"2016-06-14",1149.589966,1153.219971,1141.22998,1147.819946,37597700,1147.819946
"2016-06-15",1148.089966,1157.959961,1148.089966,1149.300049,35447200,1149.300049
"2016-06-16",1147.859985,1148.859985,1133.099976,1148.189941,36282800,1148.189941
"2016-06-17",1148.959961,1151.689941,1141.48999,1144.699951,49026300,1144.699951
"2016-06-20",1146.390015,1167.119995,1146.390015,1157.699951,34674400,1157.699951
"2016-06-21",1158.119995,1158.849976,1147.77002,1153.869995,32328800,1153.869995
"2016-06-22",1154.150024,1161.280029,1148.699951,1148.969971,31681600,1148.969971
"2016-06-23",1151.51001,1172.219971,1151.51001,1172.219971,32979400,1172.219971
"2016-06-24",1162.920044,1162.920044,1123.48999,1127.540039,75974500,1127.540039
"2016-06-27",1123.810059,1123.810059,1085.880005,1089.650024,54312200,1089.650024
"2016-06-28",1092.170044,1110.5,1092.170044,1107.300049,43858100,1107.300049
"2016-06-29",1110.790039,1132.619995,1110.790039,1131.619995,42417400,1131.619995
"2016-06-30",1132.150024,1152.030029,1128.910034,1151.920044,46228200,1151.920044
"2016-07-01",1151.75,1161.050049,1151.25,1156.77002,34588900,1156.77002
"2016-07-05",1155.459961,1155.459961,1133.630005,1139.449951,36583800,1139.449951
"2016-07-06",1138.920044,1147.910034,1131.709961,1147.329956,39093800,1147.329956
"2016-07-07",1147.630005,1156.890015,1143.420044,1149.76001,36045500,1149.76001
"2016-07-08",1152.23999,1178.119995,1152.23999,1177.359985,36075000,1177.359985
"2016-07-11",1179.189941,1192.040039,1179.189941,1190.030029,32533400,1190.030029
"2016-07-12",1191.97998,1211.77002,1191.97998,1205.890015,40978200,1205.890015
"2016-07-13",1206.859985,1210.380005,1197.869995,1201.160034,35023200,1201.160034
"2016-07-14",1203.359985,1209.910034,1201.900024,1202.170044,34656100,1202.170044
"2016-07-15",1203.52002,1208.23999,1201.670044,1205.310059,31226000,1205.310059
"2016-07-18",1205.290039,1210.640015,1202.48999,1207.910034,30093100,1207.910034
"2016-07-19",1207.23999,1207.23999,1198.780029,1200.449951,29683400,1200.449951
"2016-07-20",1201.430054,1212.079956,1198.400024,1209.73999,32118600,1209.73999
"2016-07-21",1209.569946,1213.52002,1201.410034,1203.859985,34389000,1203.859985
"2016-07-22",1204.109985,1214.160034,1202.22998,1212.890015,30232800,1212.890015
"2016-07-25",1212.839966,1212.839966,1207.199951,1209.819946,30572400,1209.819946
"2016-07-26",1209.51001,1217.130005,1208.76001,1216.859985,34423500,1216.859985
"2016-07-27",1217.459961,1222.26001,1212.829956,1218.930054,39955000,1218.930054
"2016-07-28",1218.72998,1219.48999,1214.26001,1217.329956,36642400,1217.329956
"2016-07-29",1217.089966,1224.77002,1210.25,1219.939941,40388400,1219.939941
"2016-08-01",1220.300049,1224.459961,1214.640015,1219.119995,35059900,1219.119995
"2016-08-02",1219,1219.050049,1199.599976,1202.349976,38487500,1202.349976
"2016-08-03",1201.869995,1212.73999,1198.72998,1212.72998,37865300,1212.72998
"2016-08-04",1212.780029,1219.089966,1211.97998,1213.76001,37092000,1213.76001
"2016-08-05",1215.699951,1232.869995,1215.699951,1231.300049,36630700,1231.300049
"2016-08-08",1231.319946,1235.780029,1228.890015,1230.420044,33275500,1230.420044
"2016-08-09",1230.530029,1233.290039,1229.439941,1231.73999,33343000,1231.73999
"2016-08-10",1231.699951,1232.839966,1220.75,1223.27002,32549500,1223.27002
"2016-08-11",1224,1231,1223.75,1229.119995,34231600,1229.119995
"2016-08-12",1228.849976,1231.650024,1225.040039,1229.819946,30006600,1229.819946
"2016-08-15",1230.530029,1243.829956,1230.530029,1241.859985,30785300,1241.859985
"2016-08-16",1241.680054,1241.680054,1230.73999,1231.130005,31964000,1231.130005
"2016-08-17",1230.97998,1230.97998,1221.719971,1227.680054,33889100,1227.680054
"2016-08-18",1227.420044,1236.849976,1227.420044,1236.849976,33005700,1236.849976
"2016-08-19",1236.48999,1237.390015,1231.76001,1236.77002,30848000,1236.77002
"2016-08-22",1236.599976,1239.73999,1232,1239.73999,27775500,1239.73999
"2016-08-23",1240.599976,1251.329956,1240.599976,1248.579956,30414900,1248.579956
"2016-08-24",1248.47998,1248.910034,1235.469971,1237.25,31482800,1237.25
"2016-08-25",1236.400024,1243.300049,1234.410034,1240,29693100,1240
"2016-08-26",1240.140015,1250.180054,1231.27002,1238.030029,33423400,1238.030029
"2016-08-29",1238.319946,1248.219971,1238.319946,1244.939941,26547800,1244.939941
"2016-08-30",1245.079956,1248.430054,1241.540039,1246.030029,30068000,1246.030029
"2016-08-31",1245.640015,1245.640015,1233.119995,1239.910034,37663900,1239.910034
"2016-09-01",1240.069946,1242.089966,1228.780029,1239.800049,33921200,1239.800049
"2016-09-02",1241.430054,1251.829956,1241.430054,1251.829956,30911200,1251.829956
"2016-09-06",1252.449951,1254.410034,1246.459961,1253.369995,34476500,1253.369995
"2016-09-07",1253.219971,1261.119995,1252.410034,1261.01001,33194200,1261.01001
"2016-09-08",1260.47998,1260.47998,1254.939941,1258.359985,37278400,1258.359985
"2016-09-09",1256.300049,1256.300049,1219.199951,1219.209961,42339600,1219.209961
"2016-09-12",1218.630005,1235.869995,1211.660034,1235.869995,40104800,1235.869995
"2016-09-13",1234.550049,1234.550049,1206.069946,1212.319946,41416700,1212.319946
"2016-09-14",1212.680054,1219.930054,1209.709961,1211.589966,36641000,1211.589966
"2016-09-15",1211.969971,1227.359985,1211.099976,1227.02002,33737200,1227.02002
"2016-09-16",1226.959961,1227.089966,1218.280029,1224.780029,50143600,1224.780029
"2016-09-19",1225.640015,1239.97998,1225.640015,1232.530029,31630000,1232.530029
"2016-09-20",1233.23999,1238.25,1228.130005,1228.329956,31407300,1228.329956
"2016-09-21",1229.619995,1245.23999,1228.130005,1245.040039,37120900,1245.040039
"2016-09-22",1246.430054,1263.459961,1246.430054,1263.439941,35528300,1263.439941
"2016-09-23",1262.939941,1262.939941,1254.560059,1254.619995,33171900,1254.619995
"2016-09-26",1253.949951,1253.949951,1240.77002,1240.939941,32161700,1240.939941
"2016-09-27",1240.910034,1247.119995,1238.310059,1246.380005,34377700,1246.380005
"2016-09-28",1246.699951,1255.939941,1240.589966,1255.670044,38914600,1255.670044
"2016-09-29",1255.589966,1255.589966,1236.859985,1237.75,42492200,1237.75
"2016-09-30",1239.930054,1255.709961,1238.060059,1251.650024,41733400,1251.650024
"2016-10-03",1251.280029,1251.280029,1240.969971,1245.780029,31375500,1245.780029
"2016-10-04",1246.02002,1249.930054,1235.75,1239.780029,37508900,1239.780029
"2016-10-05",1240.52002,1254.089966,1240.52002,1248.369995,39065500,1248.369995
"2016-10-06",1247.77002,1247.77002,1237.410034,1246.23999,34615500,1246.23999
"2016-10-07",1246.369995,1247.579956,1231.349976,1236.560059,36198900,1236.560059
"2016-10-10",1239.209961,1253.810059,1239.209961,1250.76001,29165500,1250.76001
"2016-10-11",1249.959961,1249.959961,1222.569946,1227.619995,34382700,1227.619995
"2016-10-12",1227.670044,1232.609985,1224.290039,1227.22998,29771000,1227.22998
"2016-10-13",1225.140015,1225.140015,1209.319946,1215.75,35804500,1215.75
"2016-10-14",1217.630005,1226.01001,1212.26001,1212.410034,32281500,1212.410034
"2016-10-17",1212.420044,1215.420044,1209.829956,1210.140015,28303900,1210.140015
"2016-10-18",1211.300049,1222.199951,1211.300049,1217.300049,31700000,1217.300049
"2016-10-19",1217.339966,1226.349976,1214.050049,1222.640015,33626700,1222.640015
"2016-10-20",1221.98999,1222.609985,1213.160034,1219.790039,33371700,1219.790039
"2016-10-21",1217.890015,1220.030029,1208.98999,1218.099976,34488500,1218.099976
"2016-10-24",1219.72998,1231.930054,1219.72998,1226.449951,33573200,1226.449951
"2016-10-25",1225.900024,1226.160034,1214.810059,1216.099976,37513400,1216.099976
"2016-10-26",1214.48999,1216.079956,1203.119995,1204.75,37752000,1204.75
"2016-10-27",1205.73999,1208.180054,1188.75,1189.949951,42048300,1189.949951
"2016-10-28",1190.060059,1196.23999,1185.47998,1187.609985,40195100,1187.609985
"2016-10-31",1187.869995,1192.97998,1185.170044,1191.390015,39224000,1191.390015
"2016-11-01",1191.77002,1194.47998,1170.869995,1177.939941,45321600,1177.939941
"2016-11-02",1177.77002,1177.77002,1161.849976,1162.52002,42485800,1162.52002
"2016-11-03",1164.469971,1168.130005,1156.079956,1156.890015,38867400,1156.890015
"2016-11-04",1157.189941,1174.780029,1156.920044,1163.439941,38378600,1163.439941
"2016-11-07",1164.569946,1193.390015,1164.569946,1192.25,37360600,1192.25
"2016-11-08",1192.040039,1200.219971,1184.849976,1195.140015,39169300,1195.140015
"2016-11-09",1194.339966,1233.660034,1188.430054,1232.160034,62641500,1232.160034
"2016-11-10",1235.859985,1258.47998,1234.02002,1251.609985,64516400,1251.609985
"2016-11-11",1251.52002,1282.819946,1250.829956,1282.380005,49880500,1282.380005
"2016-11-14",1283.030029,1306.560059,1283.030029,1298.599976,53672000,1298.599976
"2016-11-15",1298.52002,1304.380005,1290.449951,1302.140015,45438600,1302.140015
"2016-11-16",1300.689941,1304.97998,1296.109985,1302.199951,38305900,1302.199951
"2016-11-17",1302.859985,1313.060059,1302.859985,1309.47998,38091600,1309.47998
"2016-11-18",1309.73999,1316.219971,1308.439941,1315.640015,35724000,1315.640015
"2016-11-21",1317.410034,1323.719971,1313.670044,1322.22998,36070100,1322.22998
"2016-11-22",1322.459961,1334.829956,1322.459961,1334.339966,39579400,1334.339966
"2016-11-23",1333.76001,1342.349976,1326.949951,1342.089966,34186400,1342.089966
"2016-11-25",1342.199951,1347.199951,1340.660034,1347.199951,15846000,1347.199951
"2016-11-28",1346.880005,1346.880005,1328.579956,1329.829956,35056500,1329.829956
"2016-11-29",1329.910034,1335.439941,1327.02002,1328.219971,37065600,1328.219971
"2016-11-30",1329.76001,1337.329956,1320.949951,1322.339966,55339800,1322.339966
"2016-12-01",1322.76001,1331.72998,1308.849976,1313.800049,50637400,1313.800049
"2016-12-02",1313.579956,1319.349976,1311.52002,1314.25,37795000,1314.25
"2016-12-05",1314.97998,1338.22998,1314.97998,1337.790039,38952300,1337.790039
"2016-12-06",1338.050049,1353.569946,1334.300049,1352.670044,38553200,1352.670044
"2016-12-07",1352.099976,1366.609985,1347.839966,1364.51001,45018200,1364.51001
"2016-12-08",1364.430054,1386.449951,1363.699951,1386.369995,42005800,1386.369995
"2016-12-09",1386.660034,1392.709961,1383.23999,1388.069946,38844800,1388.069946
"2016-12-12",1387.780029,1388.530029,1370.790039,1373.140015,40345100,1373.140015
"2016-12-13",1373.339966,1382.439941,1367.920044,1373.530029,38575900,1373.530029
"2016-12-14",1372.079956,1374.540039,1354.069946,1356.02002,44069700,1356.02002
"2016-12-15",1356.439941,1374.819946,1354.469971,1366.410034,41682000,1366.410034
"2016-12-16",1366.930054,1379.030029,1362.069946,1364.400024,59203400,1364.400024
"2016-12-19",1364.780029,1375.589966,1364.780029,1371.680054,32483700,1371.680054
"2016-12-20",1372.069946,1385.060059,1372.069946,1383.959961,32987800,1383.959961
"2016-12-21",1383.630005,1384.359985,1375.189941,1375.189941,28522300,1375.189941
"2016-12-22",1374.949951,1375.459961,1360.25,1362.660034,28763200,1362.660034
"2016-12-23",1362.630005,1371.51001,1362.560059,1371.51001,20205500,1371.51001
"2016-12-27",1371.589966,1381.97998,1371.589966,1377.709961,19870800,1377.709961
"2016-12-28",1377.780029,1379.27002,1359.219971,1360.829956,23923600,1360.829956
"2016-12-29",1360.920044,1367.449951,1357.390015,1363.180054,23363700,1363.180054
"2016-12-30",1363.589966,1364.97998,1353.920044,1357.130005,26709000,1357.130005
"2017-01-03",1357.98999,1375.089966,1355.390015,1365.48999,37705300,1365.48999
"2017-01-04",1366.699951,1388.599976,1366.699951,1387.949951,37648900,1387.949951
"2017-01-05",1387.709961,1387.709961,1366.569946,1371.939941,37618200,1371.939941
"2017-01-06",1372.48999,1375.060059,1366.819946,1367.280029,33398900,1367.280029
"2017-01-09",1367.130005,1367.130005,1356.540039,1357.48999,32176100,1357.48999
"2017-01-10",1357.73999,1371.5,1357.73999,1370.900024,36387900,1370.900024
"2017-01-11",1370.890015,1375.540039,1365.140015,1373.300049,36204100,1373.300049
"2017-01-12",1372.839966,1372.839966,1346.810059,1361.069946,34621300,1361.069946
"2017-01-13",1361.380005,1376.170044,1361.380005,1372.050049,30812700,1372.050049
"2017-01-17",1371.51001,1371.51001,1351.5,1352.319946,35849900,1352.319946
"2017-01-18",1352.73999,1358.839966,1350.810059,1358.560059,33152500,1358.560059
"2017-01-19",1358.829956,1360.76001,1342.140015,1345.73999,31659700,1345.73999
"2017-01-20",1345.959961,1355.209961,1345.959961,1351.849976,35249700,1351.849976
"2017-01-23",1351.410034,1353.130005,1341.459961,1347.839966,31527100,1347.839966
"2017-01-24",1348.119995,1370.969971,1348.119995,1369.209961,38109600,1369.209961
"2017-01-25",1371.109985,1383.359985,1371.109985,1382.439941,38460200,1382.439941
"2017-01-26",1382.430054,1384.130005,1374.619995,1375.599976,36103600,1375.599976
"2017-01-27",1375.680054,1375.930054,1366.359985,1370.699951,31358900,1370.699951
"2017-01-30",1369.48999,1369.48999,1342.660034,1352.329956,35912700,1352.329956
"2017-01-31",1351.719971,1363.599976,1345.650024,1361.819946,40874500,1361.819946
"2017-02-01",1364.069946,1374.189941,1357.48999,1361.22998,39166100,1361.22998
"2017-02-02",1360.540039,1364.099976,1354.859985,1357.430054,38077100,1357.430054
"2017-02-03",1358.050049,1377.930054,1358.050049,1377.839966,35979700,1377.839966
"2017-02-06",1377.329956,1377.329956,1364.630005,1366.660034,31090500,1366.660034
"2017-02-07",1366.819946,1371.880005,1357.609985,1361.060059,34486900,1361.060059
"2017-02-08",1360.469971,1360.469971,1349.430054,1358.73999,36097400,1358.73999
"2017-02-09",1359.300049,1379.72998,1359.300049,1378.530029,36779400,1378.530029
"2017-02-10",1380.069946,1391.180054,1380.069946,1388.839966,34750200,1388.839966
"2017-02-13",1390.410034,1398.599976,1389.939941,1392.380005,33497300,1392.380005
"2017-02-14",1391.800049,1397.140015,1386.349976,1396.650024,35209100,1396.650024
"2017-02-15",1396.339966,1405.209961,1392.040039,1404.209961,37755900,1404.209961
"2017-02-16",1403.599976,1404.839966,1391.869995,1399.130005,36723700,1399.130005
"2017-02-17",1399.069946,1399.859985,1392.670044,1399.859985,35130600,1399.859985
"2017-02-21",1400.660034,1410.400024,1400.660034,1410.339966,35797800,1410.339966
"2017-02-22",1410.109985,1410.109985,1401.300049,1403.859985,34686700,1403.859985
"2017-02-23",1404.380005,1406.560059,1385.630005,1394.619995,40152600,1394.619995
"2017-02-24",1393.619995,1394.530029,1382.209961,1394.52002,38315700,1394.52002
"2017-02-27",1394.530029,1407.969971,1392.23999,1407.969971,35826100,1407.969971
"2017-02-28",1406.869995,1406.869995,1386.530029,1386.680054,42101400,1386.680054
"2017-03-01",1389.119995,1414.819946,1389.119995,1413.640015,43451800,1413.640015
"2017-03-02",1413.160034,1413.160034,1395.160034,1395.670044,38213200,1395.670044
"2017-03-03",1395.550049,1399.079956,1387.969971,1394.130005,35552600,1394.130005
"2017-03-06",1392.339966,1392.339966,1378.449951,1384.25,32327000,1384.25
"2017-03-07",1383.319946,1383.660034,1374.199951,1374.880005,35183900,1374.880005
"2017-03-08",1375.660034,1381.959961,1365.839966,1366.040039,38121000,1366.040039
"2017-03-09",1366.22998,1371.040039,1357.380005,1360.119995,37163400,1360.119995
"2017-03-10",1361.150024,1369.050049,1356.689941,1365.26001,34329500,1365.26001
"2017-03-13",1365.160034,1373.25,1365.050049,1370.280029,31339000,1370.280029
"2017-03-14",1369.160034,1369.160034,1353.469971,1362.380005,31726300,1362.380005
"2017-03-15",1363.359985,1385.689941,1363.359985,1382.829956,39068400,1382.829956
"2017-03-16",1383.76001,1389.790039,1382.469971,1386.030029,33656600,1386.030029
"2017-03-17",1385.27002,1393.180054,1380.689941,1391.52002,51780400,1391.52002
"2017-03-20",1391.459961,1391.47998,1381.119995,1384.099976,30549300,1384.099976
"2017-03-21",1385.530029,1390.199951,1346.030029,1346.550049,42655900,1346.550049
"2017-03-22",1346.209961,1348.640015,1335.219971,1345.599976,35727300,1345.599976
"2017-03-23",1345.420044,1361.219971,1343.290039,1353.430054,32606000,1353.430054
"2017-03-24",1354.52002,1362.790039,1349.180054,1354.640015,29751300,1354.640015
"2017-03-27",1352.699951,1359.329956,1335.040039,1357.319946,32402300,1357.319946
"2017-03-28",1356.699951,1367.939941,1352.530029,1367.26001,33677800,1367.26001
"2017-03-29",1366.680054,1373.130005,1363.349976,1371.640015,31069400,1371.640015
"2017-03-30",1371.98999,1382.930054,1371.98999,1382.349976,31584200,1382.349976
"2017-03-31",1382.199951,1389.949951,1380.119995,1385.920044,33541100,1385.920044
"2017-04-03",1386.430054,1388.73999,1366.530029,1369.670044,34164000,1369.670044
"2017-04-04",1368.579956,1374.050049,1363.300049,1368.180054,32062400,1368.180054
"2017-04-05",1369.790039,1381.339966,1350.959961,1352.140015,37705200,1352.140015
"2017-04-06",1351.959961,1364.52002,1349.339966,1364.430054,32019200,1364.430054
"2017-04-07",1363.839966,1367.5,1358.01001,1364.560059,30531500,1364.560059
"2017-04-10",1364.76001,1376.560059,1361.540039,1367.089966,27854100,1367.089966
"2017-04-11",1366.469971,1377.22998,1360.540039,1376.949951,31174200,1376.949951
"2017-04-12",1376.859985,1376.859985,1358.150024,1359.199951,31969500,1359.199951
"2017-04-13",1358.609985,1361.319946,1345.23999,1345.23999,31438900,1345.23999
"2017-04-17",1345.359985,1361.25,1345.359985,1361.180054,28247100,1361.180054
"2017-04-18",1359.890015,1362.48999,1351.420044,1361.890015,32698400,1361.890015
"2017-04-19",1362.319946,1376.689941,1362.319946,1367.130005,35199000,1367.130005
"2017-04-20",1368.390015,1384.579956,1368.390015,1384.150024,36474200,1384.150024
"2017-04-21",1381.5,1383.130005,1376.369995,1379.849976,35033600,1379.849976
"2017-04-24",1380.530029,1399.959961,1380.530029,1397.939941,36906500,1397.939941
"2017-04-25",1400.099976,1415.550049,1400.099976,1411.079956,39952400,1411.079956
"2017-04-26",1411.050049,1425.699951,1409.829956,1419.430054,41059200,1419.430054
"2017-04-27",1419.569946,1423.52002,1413.680054,1417.130005,40984600,1417.130005
"2017-04-28",1417.75,1419.209961,1399.75,1400.430054,37182700,1400.430054
"2017-05-01",1401.01001,1411.040039,1397.079956,1407.359985,31992400,1407.359985
"2017-05-02",1407.540039,1409.050049,1395.630005,1399.359985,38136800,1399.359985
"2017-05-03",1399.130005,1399.130005,1386.319946,1390.920044,38939900,1390.920044
"2017-05-04",1391.170044,1394.160034,1380.48999,1388.849976,43625400,1388.849976
"2017-05-05",1389.209961,1397.209961,1385.199951,1397,35401400,1397
"2017-05-08",1396.400024,1397.430054,1386.420044,1391.640015,34294400,1391.640015
"2017-05-09",1392.310059,1395.47998,1386.72998,1391.859985,36535900,1391.859985
"2017-05-10",1392.030029,1400.810059,1390.439941,1399.589966,36435300,1399.589966
"2017-05-11",1399.199951,1399.199951,1379.150024,1390.199951,37274200,1390.199951
"2017-05-12",1389.390015,1389.390015,1380.02002,1382.77002,33056300,1382.77002
"2017-05-15",1383.27002,1398.98999,1383.27002,1393.920044,34736000,1393.920044
"2017-05-16",1394.569946,1396.359985,1384.819946,1394.680054,34207900,1394.680054
"2017-05-17",1388.300049,1388.300049,1355.849976,1355.890015,41630000,1355.890015
"2017-05-18",1354.930054,1365.01001,1351.01001,1361.079956,43194200,1361.079956
"2017-05-19",1361.530029,1374.420044,1361.530029,1367.329956,38251600,1367.329956
"2017-05-22",1367.880005,1378.300049,1367.880005,1377.140015,31728300,1377.140015
"2017-05-23",1378.23999,1383.079956,1372.050049,1380.97998,32135700,1380.97998
"2017-05-24",1381.160034,1386.069946,1376.550049,1382.51001,33899000,1382.51001
"2017-05-25",1384.810059,1391.420044,1380.329956,1383.390015,35353900,1383.390015
"2017-05-26",1383.140015,1383.680054,1376.150024,1382.23999,28050400,1382.23999
"2017-05-30",1381.170044,1381.170044,1370.959961,1371.189941,32031600,1371.189941
"2017-05-31",1372.199951,1374.430054,1354.849976,1370.209961,45161100,1370.209961
"2017-06-01",1370.329956,1396.199951,1370.329956,1396.060059,38571400,1396.060059
"2017-06-02",1396.079956,1414.959961,1396.040039,1405.390015,34616800,1405.390015
"2017-06-05",1405.140015,1405.140015,1396.439941,1396.449951,29126000,1396.449951
"2017-06-06",1395.050049,1401.790039,1386.699951,1394.900024,33578400,1394.900024
"2017-06-07",1395.530029,1400.410034,1392.199951,1396.670044,35723000,1396.670044
"2017-06-08",1396.780029,1419.319946,1394.689941,1415.609985,37288600,1415.609985
"2017-06-09",1416.150024,1433.790039,1413.609985,1421.709961,40273400,1421.709961
"2017-06-12",1421.099976,1426.099976,1415.589966,1419.209961,40277500,1419.209961
"2017-06-13",1420.060059,1427.550049,1420.060059,1425.98999,32755000,1425.98999
"2017-06-14",1426.030029,1426.130005,1411.400024,1417.569946,35555900,1417.569946
"2017-06-15",1415.469971,1415.469971,1402.52002,1410.079956,33530500,1410.079956
"2017-06-16",1407.219971,1407.219971,1399.26001,1406.72998,52847200,1406.72998
"2017-06-19",1407.069946,1420.189941,1407.069946,1418.079956,32647000,1418.079956
"2017-06-20",1417.76001,1417.76001,1402.790039,1402.969971,34165100,1402.969971
"2017-06-21",1403.329956,1411.880005,1398.459961,1399.25,35948200,1399.25
"2017-06-22",1399.369995,1408.339966,1396.869995,1404.540039,34682100,1404.540039
"2017-06-23",1404.780029,1415.77002,1402.77002,1414.780029,52783300,1414.780029
"2017-06-26",1415.119995,1420.77002,1409.150024,1416.640015,32389700,1416.640015
"2017-06-27",1416.349976,1420.609985,1403.380005,1403.52002,35639100,1403.52002
"2017-06-28",1404.459961,1426.329956,1404.459961,1425.27002,35008000,1425.27002
"2017-06-29",1425.48999,1428.030029,1403.02002,1416.199951,39002800,1416.199951
"2017-06-30",1416.72998,1420.98999,1413.290039,1415.359985,33615900,1415.359985
"2017-07-03",1416.469971,1429.369995,1416.469971,1426.680054,19021900,1426.680054
"2017-07-05",1426.530029,1426.530029,1412.619995,1420.150024,33672200,1420.150024
"2017-07-06",1418.859985,1418.859985,1398.829956,1400.810059,33645200,1400.810059
"2017-07-07",1401.349976,1416.680054,1401.349976,1415.839966,29013300,1415.839966
"2017-07-10",1415.280029,1418.050049,1405.75,1408.469971,29991300,1408.469971
"2017-07-11",1408.609985,1413.469971,1402.630005,1413.050049,31067500,1413.050049
"2017-07-12",1414.339966,1431.339966,1414.339966,1424.319946,31716200,1424.319946
"2017-07-13",1424.530029,1425.73999,1416.27002,1425.660034,30676700,1425.660034
"2017-07-14",1425.469971,1432.969971,1424.099976,1428.819946,27366400,1428.819946
"2017-07-17",1428.780029,1434.449951,1425.969971,1431.599976,27931700,1431.599976
"2017-07-18",1431.109985,1431.109985,1422.48999,1427.609985,29621300,1427.609985
"2017-07-19",1428.280029,1441.77002,1428.280029,1441.77002,30597600,1441.77002
"2017-07-20",1442.160034,1445.060059,1438.959961,1442.349976,31827800,1442.349976
"2017-07-21",1443.369995,1452.050049,1433.829956,1435.839966,30595700,1435.839966
"2017-07-24",1435.819946,1438.599976,1431.339966,1438.050049,30102400,1438.050049
"2017-07-25",1438.859985,1452.089966,1438.859985,1450.390015,40080600,1450.390015
"2017-07-26",1450.579956,1452.02002,1441.25,1442.280029,35570200,1442.280029
"2017-07-27",1442.26001,1446.630005,1427.689941,1433.619995,39955200,1433.619995
"2017-07-28",1432.589966,1432.589966,1425.800049,1429.26001,32947700,1429.26001
"2017-07-31",1429.459961,1432.459961,1420.660034,1425.140015,34692100,1425.140015
"2017-08-01",1426.030029,1430.660034,1420.819946,1428.329956,34608600,1428.329956
"2017-08-02",1428.030029,1428.030029,1408.52002,1412.900024,34785800,1412.900024
"2017-08-03",1413.089966,1414.719971,1402.390015,1405.22998,36450200,1405.22998
"2017-08-04",1405.140015,1413.040039,1405.140015,1412.319946,32351400,1412.319946
"2017-08-07",1412.400024,1417.420044,1408.619995,1414.170044,29317800,1414.170044
"2017-08-08",1413.930054,1426.290039,1407.569946,1410.150024,33446400,1410.150024
"2017-08-09",1409.780029,1409.780029,1393.23999,1396.949951,33080600,1396.949951
"2017-08-10",1396.599976,1396.599976,1372.540039,1372.540039,36210700,1372.540039
"2017-08-11",1372.26001,1376.369995,1368.329956,1374.22998,31599300,1374.22998
"2017-08-14",1375.130005,1394.530029,1375.130005,1394.310059,28225500,1394.310059
"2017-08-15",1394.699951,1395.880005,1382.949951,1383.23999,29131000,1383.23999
"2017-08-16",1384.180054,1391.680054,1381.900024,1383.530029,29536500,1383.530029
"2017-08-17",1383.069946,1384.73999,1358.800049,1358.939941,31426200,1358.939941
"2017-08-18",1357.01001,1362.339966,1349.349976,1357.790039,34156800,1357.790039
"2017-08-21",1357.73999,1358.089966,1351.199951,1356.900024,27881500,1356.900024
"2017-08-22",1357.890015,1372.329956,1357.890015,1371.540039,27774900,1371.540039
"2017-08-23",1370.680054,1373.280029,1363.170044,1369.73999,27852900,1369.73999
"2017-08-24",1370.160034,1377.050049,1370.160034,1373.880005,28465900,1373.880005
"2017-08-25",1374.380005,1380.599976,1373.530029,1377.449951,25887800,1377.449951
"2017-08-28",1377.76001,1382.530029,1377.060059,1382.22998,26777000,1382.22998
"2017-08-29",1381.310059,1385.189941,1371.800049,1383.680054,27375800,1383.680054
"2017-08-30",1383.209961,1392.77002,1381.199951,1391.319946,26336600,1391.319946
"2017-08-31",1392.040039,1406.439941,1392.040039,1405.280029,33481100,1405.280029
"2017-09-01",1405.819946,1413.869995,1405.819946,1413.569946,27107300,1413.569946
"2017-09-05",1413.300049,1414.550049,1394.51001,1399.660034,34902600,1399.660034
"2017-09-06",1400.01001,1406.02002,1399.27002,1402.199951,33744100,1402.199951
"2017-09-07",1402.459961,1404.310059,1393.880005,1398.670044,33539300,1398.670044
"2017-09-08",1398.189941,1403.530029,1394.430054,1399.430054,33024900,1399.430054
"2017-09-11",1400.560059,1415.75,1400.560059,1414.829956,32917600,1414.829956
"2017-09-12",1415.339966,1423.930054,1415.180054,1423.459961,32309200,1423.459961
"2017-09-13",1423.300049,1428.73999,1421.880005,1426.890015,33680500,1426.890015
"2017-09-14",1426.569946,1427.920044,1421.630005,1425.02002,34144600,1425.02002
"2017-09-15",1425.349976,1431.98999,1422.25,1431.709961,48531700,1431.709961
"2017-09-18",1431.75,1444.27002,1431.75,1441.079956,31943000,1441.079956
"2017-09-19",1441.189941,1442.579956,1438.290039,1440.400024,32491000,1440.400024
"2017-09-20",1440.47998,1446.47998,1440,1445.420044,35300100,1445.420044
"2017-09-21",1445.199951,1448.839966,1441.689941,1444.180054,29308600,1444.180054
"2017-09-22",1443.469971,1451.51001,1441.859985,1450.780029,28659600,1450.780029
"2017-09-25",1450.630005,1455.219971,1445.02002,1451.959961,32978900,1451.959961
"2017-09-26",1452.25,1460.949951,1452.25,1456.859985,30431100,1456.859985
"2017-09-27",1457.27002,1487.949951,1457.27002,1484.810059,34560300,1484.810059
"2017-09-28",1484.800049,1489.349976,1478.199951,1488.790039,31686200,1488.790039
"2017-09-29",1488.800049,1493.560059,1488.800049,1490.859985,32119200,1490.859985
"2017-10-02",1491.050049,1509.47998,1491.050049,1509.469971,31997300,1509.469971
"2017-10-03",1509.939941,1512.26001,1503.52002,1511.969971,30688500,1511.969971
"2017-10-04",1512,1514.77002,1505.069946,1507.76001,30171200,1507.76001
"2017-10-05",1508.339966,1514.939941,1508.339966,1512.089966,30451200,1512.089966
"2017-10-06",1511.410034,1511.410034,1506.410034,1510.219971,28845700,1510.219971
"2017-10-09",1510.410034,1513.300049,1501.77002,1503.560059,24839700,1503.560059
"2017-10-10",1504.109985,1511.329956,1503.920044,1508.01001,29605000,1508.01001
"2017-10-11",1507.910034,1510.619995,1505.140015,1506.920044,29760900,1506.920044
"2017-10-12",1506.459961,1508.430054,1501.140015,1505.160034,31515100,1505.160034
"2017-10-13",1505.459961,1508.219971,1502.22998,1502.660034,31494400,1502.660034
"2017-10-16",1502.969971,1511.290039,1499.640015,1502.680054,29160200,1502.680054
"2017-10-17",1502.530029,1505.800049,1495.900024,1497.5,28893900,1497.5
"2017-10-18",1497.97998,1507.839966,1497.97998,1505.140015,29980900,1505.140015
"2017-10-19",1502.969971,1505.140015,1491.380005,1502.040039,29907100,1502.040039
"2017-10-20",1504.719971,1512.75,1504.719971,1509.25,33846500,1509.25
"2017-10-23",1509.670044,1511.47998,1497.339966,1497.48999,32117100,1497.48999
"2017-10-24",1498.189941,1505.569946,1498.189941,1500.420044,34273300,1500.420044
"2017-10-25",1500.25,1500.420044,1482.530029,1493.47998,38745100,1493.47998
"2017-10-26",1494.109985,1501.359985,1494.109985,1497.459961,38690500,1497.459961
"2017-10-27",1497.540039,1508.319946,1493.48999,1508.319946,38871100,1508.319946
"2017-10-30",1507.47998,1507.47998,1484.819946,1490.900024,36588700,1490.900024
"2017-10-31",1491.439941,1506.780029,1491.439941,1502.530029,38272300,1502.530029
"2017-11-01",1504.540039,1512.400024,1485.130005,1492.780029,38131800,1492.780029
"2017-11-02",1492.900024,1499.939941,1487.72998,1496.550049,40482700,1496.550049
"2017-11-03",1496.319946,1497.140015,1490.660034,1494.910034,35677100,1494.910034
"2017-11-06",1495.030029,1501.48999,1494.73999,1497.959961,35390800,1497.959961
"2017-11-07",1497.97998,1498,1476.719971,1479.089966,38096500,1479.089966
"2017-11-08",1477.949951,1482.859985,1469.339966,1481.72998,38993600,1481.72998
"2017-11-09",1481.290039,1481.619995,1463.48999,1475.02002,38316100,1475.02002
"2017-11-10",1474.920044,1479.109985,1473.140015,1475.27002,34869100,1475.27002
"2017-11-13",1474.439941,1476.680054,1466.089966,1475.069946,34029300,1475.069946
"2017-11-14",1474.27002,1474.27002,1465.380005,1471.26001,36417600,1471.26001
"2017-11-15",1470.900024,1470.900024,1454.170044,1464.089966,35588900,1464.089966
"2017-11-16",1464.969971,1490.969971,1464.969971,1486.880005,33127100,1486.880005
"2017-11-17",1485.699951,1496.859985,1481.089966,1492.819946,33001600,1492.819946
"2017-11-20",1492.930054,1503.400024,1492.930054,1503.400024,30035400,1503.400024
"2017-11-21",1503.449951,1519.530029,1503.449951,1518.890015,33327200,1518.890015
"2017-11-22",1518.97998,1524.180054,1516.76001,1516.76001,27629500,1516.76001
"2017-11-24",1517.410034,1521.380005,1516.52002,1519.160034,13497800,1519.160034
"2017-11-27",1519.170044,1522.030029,1513.189941,1513.310059,30068600,1513.310059
"2017-11-28",1514.150024,1536.630005,1514.150024,1536.430054,34884200,1536.430054
"2017-11-29",1536.819946,1547.27002,1536.819946,1542.300049,40782800,1542.300049
"2017-11-30",1542.619995,1551.689941,1541.209961,1544.140015,49384900,1544.140015
"2017-12-01",1544.099976,1544.920044,1498.780029,1537.02002,39423200,1537.02002
"2017-12-04",1539.27002,1559.609985,1531.72998,1532.410034,40231500,1532.410034
"2017-12-05",1532.719971,1534.01001,1516.75,1516.76001,35390400,1516.76001
"2017-12-06",1516.359985,1516.540039,1508.130005,1508.880005,32290000,1508.880005
"2017-12-07",1508.930054,1524,1508.150024,1520.469971,32924000,1520.469971
"2017-12-08",1521.780029,1529,1520.880005,1521.719971,31061500,1521.719971
"2017-12-11",1522.099976,1527.469971,1518.300049,1519.839966,30919500,1519.839966
"2017-12-12",1520.060059,1525.109985,1515.949951,1516.119995,35556800,1516.119995
"2017-12-13",1516.189941,1532.380005,1516.079956,1524.449951,35423700,1524.449951
"2017-12-14",1524.540039,1527,1504.890015,1506.949951,34300300,1506.949951
"2017-12-15",1507.680054,1538.060059,1507.680054,1530.420044,57239200,1530.420044
"2017-12-18",1530.810059,1552.319946,1530.810059,1548.920044,37246600,1548.920044
"2017-12-19",1549.319946,1552.209961,1535.910034,1536.75,33685900,1536.75
"2017-12-20",1538.73999,1544.349976,1536.22998,1540.079956,32410300,1540.079956
"2017-12-21",1540.459961,1551.209961,1540.459961,1547.109985,32733900,1547.109985
"2017-12-22",1547.23999,1548.25,1541.699951,1542.930054,23998300,1542.930054
"2017-12-26",1542.73999,1546.589966,1541.209961,1544.22998,19687800,1544.22998
"2017-12-27",1544.390015,1550.619995,1541.949951,1543.939941,22020800,1543.939941
"2017-12-28",1544.050049,1549.040039,1542.52002,1548.930054,21533300,1548.930054
"2017-12-29",1549.060059,1551.939941,1535.51001,1535.51001,24434900,1535.51001
"2018-01-02",1536.119995,1550.300049,1536.119995,1550.01001,33572500,1550.01001
"2018-01-03",1550.280029,1555.079956,1547.589966,1552.579956,35386600,1552.579956
"2018-01-04",1552.97998,1560.839966,1552.369995,1555.719971,36952600,1555.719971
"2018-01-05",1555.869995,1560.069946,1552.130005,1560.01001,32366200,1560.01001
"2018-01-08",1559.800049,1562.98999,1548.22998,1561.810059,32426500,1561.810059
"2018-01-09",1562.219971,1565.579956,1558.859985,1560.099976,34534800,1560.099976
"2018-01-10",1559.01001,1561.910034,1551.52002,1559.800049,35763500,1559.800049
"2018-01-11",1560.219971,1586.790039,1560.219971,1586.790039,36413200,1586.790039
"2018-01-12",1587.119995,1598.180054,1587.119995,1591.969971,35739700,1591.969971
"2018-01-16",1592.910034,1604.02002,1570.75,1572.969971,43259700,1572.969971
"2018-01-17",1573.72998,1589.130005,1573.72998,1586.660034,37780500,1586.660034
"2018-01-18",1586.310059,1586.310059,1576.410034,1576.72998,36814700,1576.72998
"2018-01-19",1576.5,1597.630005,1575.319946,1597.630005,36094300,1597.630005
"2018-01-22",1598.140015,1605.170044,1595.550049,1605.170044,34717800,1605.170044
"2018-01-23",1604.939941,1612.550049,1599.209961,1610.709961,35196500,1610.709961
"2018-01-24",1611.689941,1615.52002,1595.939941,1601.77002,39940700,1601.77002
"2018-01-25",1601.589966,1607.790039,1594.420044,1601.670044,38351500,1601.670044
"2018-01-26",1602.969971,1608.060059,1599.5,1608.060059,34432300,1608.060059
"2018-01-29",1607.810059,1607.949951,1597.880005,1598.109985,35738300,1598.109985
"2018-01-30",1595.640015,1595.640015,1579.48999,1582.819946,39906500,1582.819946
"2018-01-31",1584.709961,1594.27002,1571.26001,1574.97998,42612800,1574.97998
"2018-02-01",1574.72998,1582.280029,1568.849976,1579.869995,39384500,1579.869995
"2018-02-02",1577.030029,1577.030029,1547.060059,1547.27002,43011300,1547.27002
"2018-02-05",1544.939941,1547.030029,1491.060059,1491.089966,52834600,1491.089966
"2018-02-06",1486.849976,1512.97998,1461.449951,1507.170044,58916600,1507.170044
"2018-02-07",1506.660034,1517,1503.319946,1507.969971,46265700,1507.969971
"2018-02-08",1508.449951,1511.209961,1463.73999,1463.790039,53054400,1463.790039
"2018-02-09",1467.719971,1487.579956,1436.430054,1477.839966,56800700,1477.839966
"2018-02-12",1479.109985,1498.109985,1466.880005,1490.97998,40557900,1490.97998
"2018-02-13",1489.660034,1497.02002,1481.939941,1494.949951,34728700,1494.949951
"2018-02-14",1492.76001,1523.890015,1483.290039,1522.099976,40037400,1522.099976
"2018-02-15",1524.180054,1537.77002,1516.880005,1537.199951,36849100,1537.199951
"2018-02-16",1536.319946,1551.51001,1532.219971,1543.550049,36374600,1543.550049
"2018-02-20",1542.380005,1546.430054,1527.560059,1529.98999,36276100,1529.98999
"2018-02-21",1530.47998,1555.280029,1530.47998,1531.839966,37794000,1531.839966
"2018-02-22",1532.790039,1548.290039,1529.199951,1529.98999,37012700,1529.98999
"2018-02-23",1531.349976,1549.189941,1531.349976,1549.189941,31891900,1549.189941
"2018-02-26",1550.089966,1560.73999,1544.98999,1559.329956,34246500,1559.329956
"2018-02-27",1559.27002,1564.630005,1536.469971,1536.469971,37450800,1536.469971
"2018-02-28",1536.800049,1543.75,1512.449951,1512.449951,42306600,1512.449951
"2018-03-01",1512.069946,1522.469971,1494.290039,1507.390015,45039700,1507.390015
"2018-03-02",1506.810059,1535.199951,1494,1533.170044,38824500,1533.170044
