"","GSPC.Open","GSPC.High","GSPC.Low","GSPC.Close","GSPC.Volume","GSPC.Adjusted"
"2015-08-07",2082.610107,2082.610107,2067.909912,2077.570068,3602320000,2077.570068
"2015-08-10",2080.97998,2105.350098,2080.97998,2104.179932,3514460000,2104.179932
"2015-08-11",2102.659912,2102.659912,2076.48999,2084.070068,3708880000,2084.070068
"2015-08-12",2081.100098,2089.060059,2052.090088,2086.050049,4269130000,2086.050049
"2015-08-13",2086.189941,2092.929932,2078.26001,2083.389893,3221300000,2083.389893
"2015-08-14",2083.149902,2092.449951,2080.610107,2091.540039,2795590000,2091.540039
"2015-08-17",2089.699951,2102.870117,2079.300049,2102.439941,2867690000,2102.439941
"2015-08-18",2101.98999,2103.469971,2094.139893,2096.919922,2949990000,2096.919922
"2015-08-19",2095.689941,2096.169922,2070.530029,2079.610107,3512920000,2079.610107
"2015-08-20",2076.610107,2076.610107,2035.72998,2035.72998,3922470000,2035.72998
"2015-08-21",2034.079956,2034.079956,1970.890015,1970.890015,5018240000,1970.890015
"2015-08-24",1965.150024,1965.150024,1867.01001,1893.209961,6612690000,1893.209961
"2015-08-25",1898.079956,1948.040039,1867.079956,1867.609985,5183560000,1867.609985
"2015-08-26",1872.75,1943.089966,1872.75,1940.51001,5338250000,1940.51001
"2015-08-27",1942.77002,1989.599976,1942.77002,1987.660034,5006390000,1987.660034
"2015-08-28",1986.060059,1993.47998,1975.189941,1988.869995,3949080000,1988.869995
"2015-08-31",1986.72998,1986.72998,1965.97998,1972.180054,3915100000,1972.180054
"2015-09-01",1970.089966,1970.089966,1903.069946,1913.849976,4371850000,1913.849976
"2015-09-02",1916.52002,1948.910034,1916.52002,1948.859985,3742620000,1948.859985
"2015-09-03",1950.790039,1975.01001,1944.719971,1951.130005,3520700000,1951.130005
"2015-09-04",1947.76001,1947.76001,1911.209961,1921.219971,3167090000,1921.219971
"2015-09-08",1927.300049,1970.420044,1927.300049,1969.410034,3548650000,1969.410034
"2015-09-09",1971.449951,1988.630005,1937.880005,1942.040039,3652120000,1942.040039
"2015-09-10",1941.589966,1965.290039,1937.189941,1952.290039,3626320000,1952.290039
"2015-09-11",1951.449951,1961.050049,1939.189941,1961.050049,3218590000,1961.050049
"2015-09-14",1963.060059,1963.060059,1948.27002,1953.030029,3000200000,1953.030029
"2015-09-15",1955.099976,1983.189941,1954.300049,1978.089966,3239860000,1978.089966
"2015-09-16",1978.02002,1997.26001,1977.930054,1995.310059,3630680000,1995.310059
"2015-09-17",1995.329956,2020.859985,1986.72998,1990.199951,4183790000,1990.199951
"2015-09-18",1989.660034,1989.660034,1953.449951,1958.030029,6021240000,1958.030029
"2015-09-21",1960.839966,1979.640015,1955.800049,1966.969971,3269350000,1966.969971
"2015-09-22",1961.390015,1961.390015,1929.219971,1942.73999,3808260000,1942.73999
"2015-09-23",1943.23999,1949.52002,1932.569946,1938.76001,3190530000,1938.76001
"2015-09-24",1934.810059,1937.170044,1908.920044,1932.23999,4091530000,1932.23999
"2015-09-25",1935.930054,1952.890015,1921.5,1931.339966,3721870000,1931.339966
"2015-09-28",1929.180054,1929.180054,1879.209961,1881.77002,4326660000,1881.77002
"2015-09-29",1881.900024,1899.47998,1871.910034,1884.089966,4132390000,1884.089966
"2015-09-30",1887.140015,1920.530029,1887.140015,1920.030029,4525070000,1920.030029
"2015-10-01",1919.650024,1927.209961,1900.699951,1923.819946,3983600000,1923.819946
"2015-10-02",1921.77002,1951.359985,1893.699951,1951.359985,4378570000,1951.359985
"2015-10-05",1954.329956,1989.170044,1954.329956,1987.050049,4334490000,1987.050049
"2015-10-06",1986.630005,1991.619995,1971.98999,1979.920044,4202400000,1979.920044
"2015-10-07",1982.339966,1999.310059,1976.439941,1995.829956,4666470000,1995.829956
"2015-10-08",1994.01001,2016.5,1987.530029,2013.430054,3939140000,2013.430054
"2015-10-09",2013.72998,2020.130005,2007.609985,2014.890015,3706900000,2014.890015
"2015-10-12",2015.650024,2018.660034,2010.550049,2017.459961,2893250000,2017.459961
"2015-10-13",2015,2022.339966,2001.780029,2003.689941,3401920000,2003.689941
"2015-10-14",2003.660034,2009.560059,1990.72998,1994.23999,3644590000,1994.23999
"2015-10-15",1996.469971,2024.150024,1996.469971,2023.859985,3746290000,2023.859985
"2015-10-16",2024.369995,2033.540039,2020.459961,2033.109985,3595430000,2033.109985
"2015-10-19",2031.72998,2034.449951,2022.310059,2033.660034,3287320000,2033.660034
"2015-10-20",2033.130005,2039.119995,2026.609985,2030.77002,3331500000,2030.77002
"2015-10-21",2033.469971,2037.969971,2017.219971,2018.939941,3627790000,2018.939941
"2015-10-22",2021.880005,2055.199951,2021.880005,2052.51001,4430850000,2052.51001
"2015-10-23",2058.189941,2079.73999,2058.189941,2075.149902,4108460000,2075.149902
"2015-10-26",2075.080078,2075.139893,2066.530029,2071.179932,3385800000,2071.179932
"2015-10-27",2068.75,2070.370117,2058.840088,2065.889893,4216880000,2065.889893
"2015-10-28",2066.47998,2090.350098,2063.110107,2090.350098,4698110000,2090.350098
"2015-10-29",2088.350098,2092.52002,2082.629883,2089.409912,4008940000,2089.409912
"2015-10-30",2090,2094.320068,2079.340088,2079.360107,4256200000,2079.360107
"2015-11-02",2080.76001,2106.199951,2080.76001,2104.050049,3760020000,2104.050049
"2015-11-03",2102.629883,2116.47998,2097.51001,2109.790039,4272060000,2109.790039
"2015-11-04",2110.600098,2114.590088,2096.97998,2102.310059,4078870000,2102.310059
"2015-11-05",2101.679932,2108.780029,2090.409912,2099.929932,4051890000,2099.929932
"2015-11-06",2098.600098,2101.909912,2083.73999,2099.199951,4369020000,2099.199951
"2015-11-09",2096.560059,2096.560059,2068.23999,2078.580078,3882350000,2078.580078
"2015-11-10",2077.189941,2083.669922,2069.909912,2081.719971,3821440000,2081.719971
"2015-11-11",2083.409912,2086.939941,2074.850098,2075,3692410000,2075
"2015-11-12",2072.290039,2072.290039,2045.660034,2045.969971,4016370000,2045.969971
"2015-11-13",2044.640015,2044.640015,2022.02002,2023.040039,4278750000,2023.040039
"2015-11-16",2022.079956,2053.219971,2019.390015,2053.189941,3741240000,2053.189941
"2015-11-17",2053.669922,2066.689941,2045.900024,2050.439941,4427350000,2050.439941
"2015-11-18",2051.98999,2085.310059,2051.98999,2083.580078,3926390000,2083.580078
"2015-11-19",2083.699951,2086.73999,2078.76001,2081.23999,3628110000,2081.23999
"2015-11-20",2082.820068,2097.060059,2082.820068,2089.169922,3929600000,2089.169922
"2015-11-23",2089.409912,2095.610107,2081.389893,2086.590088,3587980000,2086.590088
"2015-11-24",2084.419922,2094.120117,2070.290039,2089.139893,3884930000,2089.139893
"2015-11-25",2089.300049,2093,2086.300049,2088.870117,2852940000,2088.870117
"2015-11-27",2088.820068,2093.290039,2084.129883,2090.110107,1466840000,2090.110107
"2015-11-30",2090.949951,2093.810059,2080.409912,2080.409912,4275030000,2080.409912
"2015-12-01",2082.929932,2103.370117,2082.929932,2102.629883,3712120000,2102.629883
"2015-12-02",2101.709961,2104.27002,2077.110107,2079.51001,3950640000,2079.51001
"2015-12-03",2080.709961,2085,2042.349976,2049.620117,4306490000,2049.620117
"2015-12-04",2051.23999,2093.840088,2051.23999,2091.689941,4214910000,2091.689941
"2015-12-07",2090.419922,2090.419922,2066.780029,2077.070068,4043820000,2077.070068
"2015-12-08",2073.389893,2073.850098,2052.320068,2063.590088,4173570000,2063.590088
"2015-12-09",2061.169922,2080.330078,2036.530029,2047.619995,4385250000,2047.619995
"2015-12-10",2047.930054,2067.649902,2045.670044,2052.22998,3715150000,2052.22998
"2015-12-11",2047.27002,2047.27002,2008.800049,2012.369995,4301060000,2012.369995
"2015-12-14",2013.369995,2022.920044,1993.26001,2021.939941,4612440000,2021.939941
"2015-12-15",2025.550049,2053.870117,2025.550049,2043.410034,4353540000,2043.410034
"2015-12-16",2046.5,2076.719971,2042.430054,2073.070068,4635450000,2073.070068
"2015-12-17",2073.76001,2076.370117,2041.660034,2041.890015,4327390000,2041.890015
"2015-12-18",2040.810059,2040.810059,2005.329956,2005.550049,6683070000,2005.550049
"2015-12-21",2010.27002,2022.900024,2005.930054,2021.150024,3760280000,2021.150024
"2015-12-22",2023.150024,2042.73999,2020.48999,2038.969971,3520860000,2038.969971
"2015-12-23",2042.199951,2064.72998,2042.199951,2064.290039,3484090000,2064.290039
"2015-12-24",2063.52002,2067.360107,2058.72998,2060.98999,1411860000,2060.98999
"2015-12-28",2057.77002,2057.77002,2044.199951,2056.5,2492510000,2056.5
"2015-12-29",2060.540039,2081.560059,2060.540039,2078.360107,2.542e+09,2078.360107
"2015-12-30",2077.340088,2077.340088,2061.969971,2063.360107,2367430000,2063.360107
"2015-12-31",2060.590088,2062.540039,2043.619995,2043.939941,2655330000,2043.939941
"2016-01-04",2038.199951,2038.199951,1989.680054,2012.660034,4304880000,2012.660034
"2016-01-05",2013.780029,2021.939941,2004.170044,2016.709961,3706620000,2016.709961
"2016-01-06",2011.709961,2011.709961,1979.050049,1990.26001,4336660000,1990.26001
"2016-01-07",1985.319946,1985.319946,1938.829956,1943.089966,5076590000,1943.089966
"2016-01-08",1945.969971,1960.400024,1918.459961,1922.030029,4664940000,1922.030029
"2016-01-11",1926.119995,1935.650024,1901.099976,1923.670044,4607290000,1923.670044
"2016-01-12",1927.829956,1947.380005,1914.349976,1938.680054,4887260000,1938.680054
"2016-01-13",1940.339966,1950.329956,1886.410034,1890.280029,5087030000,1890.280029
"2016-01-14",1891.680054,1934.469971,1878.930054,1921.839966,5241110000,1921.839966
"2016-01-15",1916.680054,1916.680054,1857.829956,1880.329956,5468460000,1880.329956
"2016-01-19",1888.660034,1901.439941,1864.599976,1881.329956,4928350000,1881.329956
"2016-01-20",1876.180054,1876.180054,1812.290039,1859.329956,6416070000,1859.329956
"2016-01-21",1861.459961,1889.849976,1848.97998,1868.98999,5078810000,1868.98999
"2016-01-22",1877.400024,1908.849976,1877.400024,1906.900024,4901760000,1906.900024
"2016-01-25",1906.280029,1906.280029,1875.969971,1877.079956,4401380000,1877.079956
"2016-01-26",1878.790039,1906.72998,1878.790039,1903.630005,4357940000,1903.630005
"2016-01-27",1902.52002,1916.98999,1872.699951,1882.949951,4754040000,1882.949951
"2016-01-28",1885.219971,1902.959961,1873.650024,1893.359985,4693010000,1893.359985
"2016-01-29",1894,1940.23999,1894,1940.23999,5497570000,1940.23999
"2016-02-01",1936.939941,1947.199951,1920.300049,1939.380005,4322530000,1939.380005
"2016-02-02",1935.26001,1935.26001,1897.290039,1903.030029,4463190000,1903.030029
"2016-02-03",1907.069946,1918.01001,1872.22998,1912.530029,5172950000,1912.530029
"2016-02-04",1911.670044,1927.349976,1900.52002,1915.449951,5193320000,1915.449951
"2016-02-05",1913.069946,1913.069946,1872.650024,1880.050049,4929940000,1880.050049
"2016-02-08",1873.25,1873.25,1828.459961,1853.439941,5636460000,1853.439941
"2016-02-09",1848.459961,1868.25,1834.939941,1852.209961,5183220000,1852.209961
"2016-02-10",1857.099976,1881.599976,1850.319946,1851.859985,4471170000,1851.859985
"2016-02-11",1847,1847,1810.099976,1829.079956,5500800000,1829.079956
"2016-02-12",1833.400024,1864.780029,1833.400024,1864.780029,4696920000,1864.780029
"2016-02-16",1871.439941,1895.77002,1871.439941,1895.579956,4570670000,1895.579956
"2016-02-17",1898.800049,1930.680054,1898.800049,1926.819946,5011540000,1926.819946
"2016-02-18",1927.569946,1930,1915.089966,1917.829956,4436490000,1917.829956
"2016-02-19",1916.73999,1918.780029,1902.170044,1917.780029,4142850000,1917.780029
"2016-02-22",1924.439941,1946.699951,1924.439941,1945.5,4054710000,1945.5
"2016-02-23",1942.380005,1942.380005,1919.439941,1921.27002,3890650000,1921.27002
"2016-02-24",1917.560059,1932.079956,1891,1929.800049,4317250000,1929.800049
"2016-02-25",1931.869995,1951.829956,1925.410034,1951.699951,4118210000,1951.699951
"2016-02-26",1954.949951,1962.959961,1945.780029,1948.050049,4348510000,1948.050049
"2016-02-29",1947.130005,1958.27002,1931.810059,1932.22998,4588180000,1932.22998
"2016-03-01",1937.089966,1978.349976,1937.089966,1978.349976,4819750000,1978.349976
"2016-03-02",1976.599976,1986.51001,1968.800049,1986.449951,4666610000,1986.449951
"2016-03-03",1985.599976,1993.689941,1977.369995,1993.400024,5081700000,1993.400024
"2016-03-04",1994.01001,2009.130005,1986.77002,1999.98999,6049930000,1999.98999
"2016-03-07",1996.109985,2006.119995,1989.380005,2001.76001,4968180000,2001.76001
"2016-03-08",1996.880005,1996.880005,1977.430054,1979.26001,4641650000,1979.26001
"2016-03-09",1981.439941,1992.689941,1979.839966,1989.26001,4038120000,1989.26001
"2016-03-10",1990.969971,2005.079956,1969.25,1989.569946,4376790000,1989.569946
"2016-03-11",1994.709961,2022.369995,1994.709961,2022.189941,4078620000,2022.189941
"2016-03-14",2019.27002,2024.569946,2012.050049,2019.640015,3487850000,2019.640015
"2016-03-15",2015.27002,2015.939941,2005.22998,2015.930054,3560280000,2015.930054
"2016-03-16",2014.23999,2032.02002,2010.040039,2027.219971,4057020000,2027.219971
"2016-03-17",2026.900024,2046.23999,2022.160034,2040.589966,4530480000,2040.589966
"2016-03-18",2041.160034,2052.360107,2041.160034,2049.580078,6503140000,2049.580078
"2016-03-21",2047.880005,2053.909912,2043.140015,2051.600098,3376600000,2051.600098
"2016-03-22",2048.639893,2056.600098,2040.569946,2049.800049,3418460000,2049.800049
"2016-03-23",2048.550049,2048.550049,2034.859985,2036.709961,3639510000,2036.709961
"2016-03-24",2032.47998,2036.040039,2022.48999,2035.939941,3407720000,2035.939941
"2016-03-28",2037.890015,2042.670044,2031.959961,2037.050049,2809090000,2037.050049
"2016-03-29",2035.75,2055.909912,2028.310059,2055.01001,3822330000,2055.01001
"2016-03-30",2058.27002,2072.209961,2058.27002,2063.949951,3590310000,2063.949951
"2016-03-31",2063.77002,2067.919922,2057.459961,2059.73999,3715280000,2059.73999
"2016-04-01",2056.620117,2075.070068,2043.97998,2072.780029,3749990000,2072.780029
"2016-04-04",2073.189941,2074.02002,2062.570068,2066.129883,3485710000,2066.129883
"2016-04-05",2062.5,2062.5,2042.560059,2045.170044,4154920000,2045.170044
"2016-04-06",2045.560059,2067.330078,2043.089966,2066.659912,3750800000,2066.659912
"2016-04-07",2063.01001,2063.01001,2033.800049,2041.910034,3801250000,2041.910034
"2016-04-08",2045.540039,2060.629883,2041.689941,2047.599976,3359530000,2047.599976
"2016-04-11",2050.22998,2062.929932,2041.880005,2041.98999,3567840000,2041.98999
"2016-04-12",2043.719971,2065.050049,2039.73999,2061.719971,4239740000,2061.719971
"2016-04-13",2065.919922,2083.179932,2065.919922,2082.419922,4191830000,2082.419922
"2016-04-14",2082.889893,2087.840088,2078.129883,2082.780029,3765870000,2082.780029
"2016-04-15",2083.100098,2083.219971,2076.310059,2080.72998,3701450000,2080.72998
"2016-04-18",2078.830078,2094.659912,2073.649902,2094.340088,3316880000,2094.340088
"2016-04-19",2096.050049,2104.050049,2091.679932,2100.800049,3896830000,2100.800049
"2016-04-20",2101.52002,2111.050049,2096.320068,2102.399902,4184880000,2102.399902
"2016-04-21",2102.090088,2103.780029,2088.52002,2091.47998,4175290000,2091.47998
"2016-04-22",2091.48999,2094.320068,2081.199951,2091.580078,3790580000,2091.580078
"2016-04-25",2089.370117,2089.370117,2077.52002,2087.790039,3319740000,2087.790039
"2016-04-26",2089.840088,2096.870117,2085.800049,2091.699951,3557190000,2091.699951
"2016-04-27",2092.330078,2099.889893,2082.310059,2095.149902,4100110000,2095.149902
"2016-04-28",2090.929932,2099.300049,2071.620117,2075.810059,4309840000,2075.810059
"2016-04-29",2071.820068,2073.850098,2052.280029,2065.300049,4704720000,2065.300049
"2016-05-02",2067.169922,2083.419922,2066.110107,2081.429932,3841110000,2081.429932
"2016-05-03",2077.179932,2077.179932,2054.889893,2063.370117,4173390000,2063.370117
"2016-05-04",2060.300049,2060.300049,2045.550049,2051.120117,4058560000,2051.120117
"2016-05-05",2052.949951,2060.22998,2045.77002,2050.629883,4008530000,2050.629883
"2016-05-06",2047.77002,2057.719971,2039.449951,2057.139893,3796350000,2057.139893
"2016-05-09",2057.550049,2064.149902,2054.310059,2058.689941,3788620000,2058.689941
"2016-05-10",2062.629883,2084.870117,2062.629883,2084.389893,3600200000,2084.389893
"2016-05-11",2083.290039,2083.290039,2064.459961,2064.459961,3821980000,2064.459961
"2016-05-12",2067.169922,2073.98999,2053.129883,2064.110107,3782390000,2064.110107
"2016-05-13",2062.5,2066.790039,2043.130005,2046.609985,3579880000,2046.609985
"2016-05-16",2046.530029,2071.879883,2046.530029,2066.659912,3501360000,2066.659912
"2016-05-17",2065.040039,2065.689941,2040.819946,2047.209961,4108960000,2047.209961
"2016-05-18",2044.380005,2060.610107,2034.48999,2047.630005,4101320000,2047.630005
"2016-05-19",2044.209961,2044.209961,2025.910034,2040.040039,3846770000,2040.040039
"2016-05-20",2041.880005,2058.350098,2041.880005,2052.320068,3507650000,2052.320068
"2016-05-23",2052.22998,2055.580078,2047.26001,2048.040039,3055480000,2048.040039
"2016-05-24",2052.649902,2079.669922,2052.649902,2076.060059,3627340000,2076.060059
"2016-05-25",2078.929932,2094.72998,2078.929932,2090.540039,3859160000,2090.540039
"2016-05-26",2091.439941,2094.300049,2087.080078,2090.100098,3230990000,2090.100098
"2016-05-27",2090.060059,2099.060059,2090.060059,2099.060059,3079150000,2099.060059
"2016-05-31",2100.129883,2103.47998,2088.659912,2096.949951,4514410000,2096.949951
"2016-06-01",2093.939941,2100.969971,2085.100098,2099.330078,3525170000,2099.330078
"2016-06-02",2097.709961,2105.26001,2088.590088,2105.26001,3632720000,2105.26001
"2016-06-03",2104.070068,2104.070068,2085.360107,2099.129883,3627780000,2099.129883
"2016-06-06",2100.830078,2113.360107,2100.830078,2109.409912,3442020000,2109.409912
"2016-06-07",2110.179932,2119.219971,2110.179932,2112.129883,3534730000,2112.129883
"2016-06-08",2112.709961,2120.550049,2112.709961,2119.120117,3562060000,2119.120117
"2016-06-09",2115.649902,2117.639893,2107.72998,2115.47998,3290320000,2115.47998
"2016-06-10",2109.570068,2109.570068,2089.959961,2096.070068,3515010000,2096.070068
"2016-06-13",2091.75,2098.120117,2078.459961,2079.060059,3392030000,2079.060059
"2016-06-14",2076.649902,2081.300049,2064.100098,2075.320068,3759770000,2075.320068
"2016-06-15",2077.600098,2085.649902,2069.800049,2071.5,3544720000,2071.5
"2016-06-16",2066.360107,2079.620117,2050.370117,2077.98999,3628280000,2077.98999
"2016-06-17",2078.199951,2078.199951,2062.840088,2071.219971,4952630000,2071.219971
"2016-06-20",2075.580078,2100.659912,2075.580078,2083.25,3467440000,2083.25
"2016-06-21",2085.189941,2093.659912,2083.02002,2088.899902,3232880000,2088.899902
"2016-06-22",2089.75,2099.709961,2084.360107,2085.449951,3168160000,2085.449951
"2016-06-23",2092.800049,2113.320068,2092.800049,2113.320068,3297940000,2113.320068
"2016-06-24",2103.810059,2103.810059,2032.569946,2037.410034,7597450000,2037.410034
"2016-06-27",2031.449951,2031.449951,1991.680054,2000.540039,5431220000,2000.540039
"2016-06-28",2006.670044,2036.089966,2006.670044,2036.089966,4385810000,2036.089966
"2016-06-29",2042.689941,2073.129883,2042.689941,2070.77002,4241740000,2070.77002
"2016-06-30",2073.169922,2098.939941,2070,2098.860107,4622820000,2098.860107
"2016-07-01",2099.340088,2108.709961,2097.899902,2102.949951,3458890000,2102.949951
"2016-07-05",2095.050049,2095.050049,2080.860107,2088.550049,3658380000,2088.550049
"2016-07-06",2084.429932,2100.719971,2074.02002,2099.72998,3909380000,2099.72998
"2016-07-07",2100.419922,2109.080078,2089.389893,2097.899902,3604550000,2097.899902
"2016-07-08",2106.969971,2131.709961,2106.969971,2129.899902,3607500000,2129.899902
"2016-07-11",2131.719971,2143.159912,2131.719971,2137.159912,3253340000,2137.159912
"2016-07-12",2139.5,2155.399902,2139.5,2152.139893,4097820000,2152.139893
"2016-07-13",2153.810059,2156.449951,2146.209961,2152.429932,3502320000,2152.429932
"2016-07-14",2157.879883,2168.98999,2157.879883,2163.75,3465610000,2163.75
"2016-07-15",2165.129883,2169.050049,2155.790039,2161.73999,3122600000,2161.73999
"2016-07-18",2162.040039,2168.350098,2159.629883,2166.889893,3009310000,2166.889893
"2016-07-19",2163.790039,2164.629883,2159.01001,2163.780029,2968340000,2163.780029
"2016-07-20",2166.100098,2175.629883,2164.889893,2173.02002,3211860000,2173.02002
"2016-07-21",2172.909912,2174.560059,2159.75,2165.169922,3438900000,2165.169922
"2016-07-22",2166.469971,2175.110107,2163.23999,2175.030029,3023280000,2175.030029
"2016-07-25",2173.709961,2173.709961,2161.949951,2168.47998,3057240000,2168.47998
"2016-07-26",2168.969971,2173.540039,2160.179932,2169.179932,3442350000,2169.179932
"2016-07-27",2169.810059,2174.97998,2159.070068,2166.580078,3995500000,2166.580078
"2016-07-28",2166.050049,2172.850098,2159.73999,2170.060059,3664240000,2170.060059
"2016-07-29",2168.830078,2177.090088,2163.48999,2173.600098,4038840000,2173.600098
"2016-08-01",2173.149902,2178.290039,2166.209961,2170.840088,3505990000,2170.840088
"2016-08-02",2169.939941,2170.199951,2147.580078,2157.030029,3848750000,2157.030029
"2016-08-03",2156.810059,2163.790039,2152.560059,2163.790039,3786530000,2163.790039
"2016-08-04",2163.51001,2168.189941,2159.070068,2164.25,3709200000,2164.25
"2016-08-05",2168.790039,2182.870117,2168.790039,2182.870117,3663070000,2182.870117
"2016-08-08",2183.76001,2185.439941,2177.850098,2180.889893,3327550000,2180.889893
"2016-08-09",2182.23999,2187.659912,2178.610107,2181.73999,3334300000,2181.73999
"2016-08-10",2182.810059,2183.409912,2172,2175.48999,3254950000,2175.48999
"2016-08-11",2177.969971,2188.449951,2177.969971,2185.790039,3423160000,2185.790039
"2016-08-12",2183.73999,2186.280029,2179.419922,2184.050049,3000660000,2184.050049
"2016-08-15",2186.080078,2193.810059,2186.080078,2190.149902,3078530000,2190.149902
"2016-08-16",2186.23999,2186.23999,2178.139893,2178.149902,3196400000,2178.149902
"2016-08-17",2177.840088,2183.080078,2168.5,2182.219971,3388910000,2182.219971
"2016-08-18",2181.899902,2187.030029,2180.459961,2187.02002,3300570000,2187.02002
"2016-08-19",2184.23999,2185,2175.129883,2183.870117,3084800000,2183.870117
"2016-08-22",2181.580078,2185.149902,2175.959961,2182.639893,2777550000,2182.639893
"2016-08-23",2187.810059,2193.419922,2186.800049,2186.899902,3041490000,2186.899902
"2016-08-24",2185.090088,2186.659912,2171.25,2175.439941,3148280000,2175.439941
"2016-08-25",2173.290039,2179,2169.73999,2172.469971,2969310000,2172.469971
"2016-08-26",2175.100098,2187.939941,2160.389893,2169.040039,3342340000,2169.040039
"2016-08-29",2170.189941,2183.47998,2170.189941,2180.379883,2654780000,2180.379883
"2016-08-30",2179.449951,2182.27002,2170.409912,2176.120117,3006800000,2176.120117
"2016-08-31",2173.560059,2173.790039,2161.350098,2170.949951,3766390000,2170.949951
"2016-09-01",2171.330078,2173.560059,2157.090088,2170.860107,3392120000,2170.860107
"2016-09-02",2177.48999,2184.870117,2173.590088,2179.97998,3091120000,2179.97998
"2016-09-06",2181.610107,2186.570068,2175.100098,2186.47998,3447650000,2186.47998
"2016-09-07",2185.169922,2187.870117,2179.070068,2186.159912,3319420000,2186.159912
"2016-09-08",2182.76001,2184.939941,2177.48999,2181.300049,3727840000,2181.300049
"2016-09-09",2169.080078,2169.080078,2127.810059,2127.810059,4233960000,2127.810059
"2016-09-12",2120.860107,2163.300049,2119.120117,2159.040039,4010480000,2159.040039
"2016-09-13",2150.469971,2150.469971,2120.27002,2127.02002,4141670000,2127.02002
"2016-09-14",2127.860107,2141.330078,2119.899902,2125.77002,3664100000,2125.77002
"2016-09-15",2125.360107,2151.310059,2122.360107,2147.26001,3373720000,2147.26001
"2016-09-16",2146.47998,2146.47998,2131.199951,2139.159912,5014360000,2139.159912
"2016-09-19",2143.98999,2153.610107,2135.909912,2139.120117,3.163e+09,2139.120117
"2016-09-20",2145.939941,2150.800049,2139.169922,2139.76001,3140730000,2139.76001
"2016-09-21",2144.580078,2165.110107,2139.570068,2163.120117,3712090000,2163.120117
"2016-09-22",2170.939941,2179.98999,2170.939941,2177.179932,3552830000,2177.179932
"2016-09-23",2173.290039,2173.75,2163.969971,2164.689941,3317190000,2164.689941
"2016-09-26",2158.540039,2158.540039,2145.040039,2146.100098,3216170000,2146.100098
"2016-09-27",2146.040039,2161.129883,2141.550049,2159.929932,3437770000,2159.929932
"2016-09-28",2161.850098,2172.399902,2151.790039,2171.370117,3891460000,2171.370117
"2016-09-29",2168.899902,2172.669922,2145.199951,2151.129883,4249220000,2151.129883
"2016-09-30",2156.51001,2175.300049,2156.51001,2168.27002,4173340000,2168.27002
"2016-10-03",2164.330078,2164.409912,2154.77002,2161.199951,3137550000,2161.199951
"2016-10-04",2163.370117,2165.459961,2144.01001,2150.48999,3750890000,2150.48999
"2016-10-05",2155.149902,2163.949951,2155.149902,2159.72998,3906550000,2159.72998
"2016-10-06",2158.219971,2162.929932,2150.280029,2160.77002,3461550000,2160.77002
"2016-10-07",2164.189941,2165.860107,2144.850098,2153.73999,3619890000,2153.73999
"2016-10-10",2160.389893,2169.600098,2160.389893,2163.659912,2916550000,2163.659912
"2016-10-11",2161.350098,2161.560059,2128.840088,2136.72998,3438270000,2136.72998
"2016-10-12",2137.669922,2145.360107,2132.77002,2139.179932,2977100000,2139.179932
"2016-10-13",2130.26001,2138.189941,2114.719971,2132.550049,3580450000,2132.550049
"2016-10-14",2139.679932,2149.189941,2132.97998,2132.97998,3228150000,2132.97998
"2016-10-17",2132.949951,2135.610107,2124.429932,2126.5,2830390000,2126.5
"2016-10-18",2138.310059,2144.379883,2135.48999,2139.600098,3.17e+09,2139.600098
"2016-10-19",2140.810059,2148.439941,2138.149902,2144.290039,3362670000,2144.290039
"2016-10-20",2142.51001,2147.179932,2133.439941,2141.340088,3337170000,2141.340088
"2016-10-21",2139.429932,2142.629883,2130.090088,2141.159912,3448850000,2141.159912
"2016-10-24",2148.5,2154.790039,2146.909912,2151.330078,3357320000,2151.330078
"2016-10-25",2149.719971,2151.439941,2141.929932,2143.159912,3751340000,2143.159912
"2016-10-26",2136.969971,2145.72998,2131.590088,2139.429932,3775200000,2139.429932
"2016-10-27",2144.060059,2147.129883,2132.52002,2133.040039,4204830000,2133.040039
"2016-10-28",2132.22998,2140.719971,2119.360107,2126.409912,4019510000,2126.409912
"2016-10-31",2129.780029,2133.25,2125.530029,2126.149902,3922400000,2126.149902
"2016-11-01",2128.679932,2131.449951,2097.850098,2111.719971,4532160000,2111.719971
"2016-11-02",2109.429932,2111.76001,2094,2097.939941,4248580000,2097.939941
"2016-11-03",2098.800049,2102.560059,2085.22998,2088.659912,3886740000,2088.659912
"2016-11-04",2083.790039,2099.070068,2083.790039,2085.179932,3837860000,2085.179932
"2016-11-07",2100.590088,2132,2100.590088,2131.52002,3736060000,2131.52002
"2016-11-08",2129.919922,2146.870117,2123.560059,2139.560059,3916930000,2139.560059
"2016-11-09",2131.560059,2170.100098,2125.350098,2163.26001,6264150000,2163.26001
"2016-11-10",2167.48999,2182.300049,2151.169922,2167.47998,6451640000,2167.47998
"2016-11-11",2162.709961,2165.919922,2152.48999,2164.449951,4988050000,2164.449951
"2016-11-14",2165.639893,2171.360107,2156.080078,2164.199951,5367200000,2164.199951
"2016-11-15",2168.290039,2180.840088,2166.379883,2180.389893,4543860000,2180.389893
"2016-11-16",2177.530029,2179.219971,2172.199951,2176.939941,3830590000,2176.939941
"2016-11-17",2178.610107,2188.060059,2176.649902,2187.120117,3809160000,2187.120117
"2016-11-18",2186.850098,2189.889893,2180.379883,2181.899902,3572400000,2181.899902
"2016-11-21",2186.429932,2198.699951,2186.429932,2198.179932,3607010000,2198.179932
"2016-11-22",2201.560059,2204.800049,2194.51001,2202.939941,3957940000,2202.939941
"2016-11-23",2198.550049,2204.719971,2194.51001,2204.719971,3418640000,2204.719971
"2016-11-25",2206.27002,2213.350098,2206.27002,2213.350098,1584600000,2213.350098
"2016-11-28",2210.209961,2211.139893,2200.360107,2201.719971,3505650000,2201.719971
"2016-11-29",2200.76001,2210.459961,2198.149902,2204.659912,3706560000,2204.659912
"2016-11-30",2204.969971,2214.100098,2198.810059,2198.810059,5533980000,2198.810059
"2016-12-01",2200.169922,2202.600098,2187.439941,2191.080078,5063740000,2191.080078
"2016-12-02",2191.120117,2197.949951,2188.370117,2191.949951,3779500000,2191.949951
"2016-12-05",2200.649902,2209.419922,2199.969971,2204.709961,3895230000,2204.709961
"2016-12-06",2207.26001,2212.780029,2202.209961,2212.22998,3855320000,2212.22998
"2016-12-07",2210.719971,2241.629883,2208.929932,2241.350098,4501820000,2241.350098
"2016-12-08",2241.129883,2251.689941,2237.570068,2246.189941,4200580000,2246.189941
"2016-12-09",2249.72998,2259.800049,2249.22998,2259.530029,3884480000,2259.530029
"2016-12-12",2258.830078,2264.030029,2252.370117,2256.959961,4034510000,2256.959961
"2016-12-13",2263.320068,2277.530029,2263.320068,2271.719971,3857590000,2271.719971
"2016-12-14",2268.350098,2276.199951,2248.439941,2253.280029,4406970000,2253.280029
"2016-12-15",2253.77002,2272.120117,2253.77002,2262.030029,4168200000,2262.030029
"2016-12-16",2266.810059,2268.050049,2254.23999,2258.070068,5920340000,2258.070068
"2016-12-19",2259.23999,2267.469971,2258.209961,2262.530029,3248370000,2262.530029
"2016-12-20",2266.5,2272.560059,2266.139893,2270.76001,3298780000,2270.76001
"2016-12-21",2270.540039,2271.22998,2265.149902,2265.179932,2852230000,2265.179932
"2016-12-22",2262.929932,2263.179932,2256.080078,2260.959961,2876320000,2260.959961
"2016-12-23",2260.25,2263.790039,2258.840088,2263.790039,2020550000,2263.790039
"2016-12-27",2266.22998,2273.820068,2266.149902,2268.879883,1987080000,2268.879883
"2016-12-28",2270.22998,2271.310059,2249.110107,2249.919922,2392360000,2249.919922
"2016-12-29",2249.5,2254.51001,2244.560059,2249.26001,2336370000,2249.26001
"2016-12-30",2251.610107,2253.580078,2233.620117,2238.830078,2670900000,2238.830078
"2017-01-03",2251.570068,2263.879883,2245.129883,2257.830078,3770530000,2257.830078
"2017-01-04",2261.600098,2272.820068,2261.600098,2270.75,3764890000,2270.75
"2017-01-05",2268.179932,2271.5,2260.449951,2269,3761820000,2269
"2017-01-06",2271.139893,2282.100098,2264.060059,2276.97998,3339890000,2276.97998
"2017-01-09",2273.590088,2275.48999,2268.899902,2268.899902,3217610000,2268.899902
"2017-01-10",2269.719971,2279.27002,2265.27002,2268.899902,3638790000,2268.899902
"2017-01-11",2268.600098,2275.320068,2260.830078,2275.320068,3620410000,2275.320068
"2017-01-12",2271.139893,2271.780029,2254.25,2270.439941,3462130000,2270.439941
"2017-01-13",2272.73999,2278.679932,2271.51001,2274.639893,3081270000,2274.639893
"2017-01-17",2269.139893,2272.080078,2262.810059,2267.889893,3584990000,2267.889893
"2017-01-18",2269.139893,2272.01001,2263.350098,2271.889893,3315250000,2271.889893
"2017-01-19",2271.899902,2274.330078,2258.409912,2263.689941,3165970000,2263.689941
"2017-01-20",2269.959961,2276.959961,2265.01001,2271.310059,3524970000,2271.310059
"2017-01-23",2267.780029,2271.780029,2257.02002,2265.199951,3152710000,2265.199951
"2017-01-24",2267.879883,2284.629883,2266.679932,2280.070068,3810960000,2280.070068
"2017-01-25",2288.879883,2299.550049,2288.879883,2298.370117,3846020000,2298.370117
"2017-01-26",2298.629883,2300.98999,2294.080078,2296.679932,3610360000,2296.679932
"2017-01-27",2299.02002,2299.02002,2291.620117,2294.689941,3135890000,2294.689941
"2017-01-30",2286.01001,2286.01001,2268.040039,2280.899902,3591270000,2280.899902
"2017-01-31",2274.02002,2279.090088,2267.209961,2278.870117,4087450000,2278.870117
"2017-02-01",2285.590088,2289.139893,2272.439941,2279.550049,3916610000,2279.550049
"2017-02-02",2276.689941,2283.969971,2271.649902,2280.850098,3807710000,2280.850098
"2017-02-03",2288.540039,2298.310059,2287.879883,2297.419922,3597970000,2297.419922
"2017-02-06",2294.280029,2296.179932,2288.570068,2292.560059,3109050000,2292.560059
"2017-02-07",2295.870117,2299.399902,2290.159912,2293.080078,3448690000,2293.080078
"2017-02-08",2289.550049,2295.909912,2285.379883,2294.669922,3609740000,2294.669922
"2017-02-09",2296.699951,2311.080078,2296.610107,2307.870117,3677940000,2307.870117
"2017-02-10",2312.27002,2319.22998,2311.100098,2316.100098,3475020000,2316.100098
"2017-02-13",2321.719971,2331.580078,2321.419922,2328.25,3349730000,2328.25
"2017-02-14",2326.120117,2337.580078,2322.169922,2337.580078,3520910000,2337.580078
"2017-02-15",2335.580078,2351.300049,2334.810059,2349.25,3775590000,2349.25
"2017-02-16",2349.639893,2351.310059,2338.870117,2347.219971,3672370000,2347.219971
"2017-02-17",2343.01001,2351.159912,2339.580078,2351.159912,3513060000,2351.159912
"2017-02-21",2354.909912,2366.709961,2354.909912,2365.379883,3579780000,2365.379883
"2017-02-22",2361.110107,2365.129883,2358.340088,2362.820068,3468670000,2362.820068
"2017-02-23",2367.5,2368.26001,2355.090088,2363.810059,4015260000,2363.810059
"2017-02-24",2355.72998,2367.340088,2352.870117,2367.340088,3831570000,2367.340088
"2017-02-27",2365.22998,2371.540039,2361.870117,2369.75,3582610000,2369.75
"2017-02-28",2366.080078,2367.790039,2358.959961,2363.639893,4210140000,2363.639893
"2017-03-01",2380.129883,2400.97998,2380.129883,2395.959961,4345180000,2395.959961
"2017-03-02",2394.75,2394.75,2380.169922,2381.919922,3821320000,2381.919922
"2017-03-03",2380.919922,2383.889893,2375.389893,2383.120117,3555260000,2383.120117
"2017-03-06",2375.22998,2378.800049,2367.97998,2375.310059,3232700000,2375.310059
"2017-03-07",2370.73999,2375.120117,2365.51001,2368.389893,3518390000,2368.389893
"2017-03-08",2369.810059,2373.090088,2361.01001,2362.97998,3812100000,2362.97998
"2017-03-09",2363.48999,2369.080078,2354.540039,2364.870117,3716340000,2364.870117
"2017-03-10",2372.52002,2376.860107,2363.040039,2372.600098,3432950000,2372.600098
"2017-03-13",2371.560059,2374.419922,2368.52002,2373.469971,3133900000,2373.469971
"2017-03-14",2368.550049,2368.550049,2358.179932,2365.449951,3172630000,2365.449951
"2017-03-15",2370.340088,2390.01001,2368.939941,2385.26001,3906840000,2385.26001
"2017-03-16",2387.709961,2388.100098,2377.179932,2381.379883,3365660000,2381.379883
"2017-03-17",2383.709961,2385.709961,2377.639893,2378.25,5178040000,2378.25
"2017-03-20",2378.23999,2379.550049,2369.659912,2373.469971,3054930000,2373.469971
"2017-03-21",2379.320068,2381.929932,2341.899902,2344.02002,4265590000,2344.02002
"2017-03-22",2343,2351.810059,2336.449951,2348.449951,3572730000,2348.449951
"2017-03-23",2345.969971,2358.919922,2342.129883,2345.959961,3260600000,2345.959961
"2017-03-24",2350.419922,2356.219971,2335.73999,2343.97998,2975130000,2343.97998
"2017-03-27",2329.110107,2344.899902,2322.25,2341.590088,3240230000,2341.590088
"2017-03-28",2339.790039,2363.780029,2337.629883,2358.570068,3367780000,2358.570068
"2017-03-29",2356.540039,2363.360107,2352.939941,2361.129883,3106940000,2361.129883
"2017-03-30",2361.310059,2370.419922,2358.580078,2368.060059,3158420000,2368.060059
"2017-03-31",2364.820068,2370.350098,2362.600098,2362.719971,3354110000,2362.719971
"2017-04-03",2362.340088,2365.870117,2344.72998,2358.840088,3416400000,2358.840088
"2017-04-04",2354.76001,2360.530029,2350.719971,2360.159912,3206240000,2360.159912
"2017-04-05",2366.590088,2378.360107,2350.52002,2352.949951,3770520000,2352.949951
"2017-04-06",2353.790039,2364.159912,2348.899902,2357.48999,3201920000,2357.48999
"2017-04-07",2356.590088,2363.76001,2350.73999,2355.540039,3053150000,2355.540039
"2017-04-10",2357.159912,2366.370117,2351.5,2357.159912,2785410000,2357.159912
"2017-04-11",2353.919922,2355.219971,2337.25,2353.780029,3117420000,2353.780029
"2017-04-12",2352.149902,2352.719971,2341.179932,2344.929932,3196950000,2344.929932
"2017-04-13",2341.97998,2348.26001,2328.949951,2328.949951,3143890000,2328.949951
"2017-04-17",2332.620117,2349.139893,2332.51001,2349.01001,2824710000,2349.01001
"2017-04-18",2342.530029,2348.350098,2334.540039,2342.189941,3269840000,2342.189941
"2017-04-19",2346.790039,2352.629883,2335.050049,2338.169922,3519900000,2338.169922
"2017-04-20",2342.689941,2361.370117,2340.909912,2355.840088,3647420000,2355.840088
"2017-04-21",2354.73999,2356.179932,2344.51001,2348.689941,3503360000,2348.689941
"2017-04-24",2370.330078,2376.97998,2369.189941,2374.149902,3690650000,2374.149902
"2017-04-25",2381.51001,2392.47998,2381.149902,2388.610107,3995240000,2388.610107
"2017-04-26",2388.97998,2398.159912,2386.780029,2387.449951,4105920000,2387.449951
"2017-04-27",2389.699951,2392.100098,2382.679932,2388.77002,4098460000,2388.77002
"2017-04-28",2393.679932,2393.679932,2382.360107,2384.199951,3718270000,2384.199951
"2017-05-01",2388.5,2394.48999,2384.830078,2388.330078,3199240000,2388.330078
"2017-05-02",2391.050049,2392.929932,2385.820068,2391.169922,3813680000,2391.169922
"2017-05-03",2386.5,2389.820068,2379.75,2388.129883,3893990000,2388.129883
"2017-05-04",2389.790039,2391.429932,2380.350098,2389.52002,4362540000,2389.52002
"2017-05-05",2392.370117,2399.290039,2389.379883,2399.290039,3540140000,2399.290039
"2017-05-08",2399.939941,2401.360107,2393.919922,2399.379883,3429440000,2399.379883
"2017-05-09",2401.580078,2403.870117,2392.439941,2396.919922,3653590000,2396.919922
"2017-05-10",2396.790039,2399.73999,2392.790039,2399.629883,3643530000,2399.629883
"2017-05-11",2394.840088,2395.719971,2381.73999,2394.439941,3727420000,2394.439941
"2017-05-12",2392.439941,2392.439941,2387.189941,2390.899902,3305630000,2390.899902
"2017-05-15",2393.97998,2404.050049,2393.939941,2402.320068,3473600000,2402.320068
"2017-05-16",2404.550049,2405.77002,2396.050049,2400.669922,3420790000,2400.669922
"2017-05-17",2382.949951,2384.870117,2356.209961,2357.030029,4.163e+09,2357.030029
"2017-05-18",2354.689941,2375.73999,2352.719971,2365.719971,4319420000,2365.719971
"2017-05-19",2371.370117,2389.060059,2370.429932,2381.72998,3825160000,2381.72998
"2017-05-22",2387.209961,2395.459961,2386.919922,2394.02002,3172830000,2394.02002
"2017-05-23",2397.040039,2400.850098,2393.879883,2398.419922,3213570000,2398.419922
"2017-05-24",2401.409912,2405.580078,2397.98999,2404.389893,3389900000,2404.389893
"2017-05-25",2409.540039,2418.709961,2408.01001,2415.070068,3535390000,2415.070068
"2017-05-26",2414.5,2416.679932,2412.199951,2415.820068,2805040000,2415.820068
"2017-05-30",2411.669922,2415.26001,2409.429932,2412.909912,3203160000,2412.909912
"2017-05-31",2415.629883,2415.98999,2403.590088,2411.800049,4516110000,2411.800049
"2017-06-01",2415.649902,2430.060059,2413.540039,2430.060059,3857140000,2430.060059
"2017-06-02",2431.280029,2440.22998,2427.709961,2439.070068,3461680000,2439.070068
"2017-06-05",2437.830078,2439.550049,2434.320068,2436.100098,2912600000,2436.100098
"2017-06-06",2431.919922,2436.209961,2428.120117,2429.330078,3357840000,2429.330078
"2017-06-07",2432.030029,2435.280029,2424.75,2433.139893,3572300000,2433.139893
"2017-06-08",2434.27002,2439.27002,2427.939941,2433.790039,3728860000,2433.790039
"2017-06-09",2436.389893,2446.199951,2415.699951,2431.77002,4027340000,2431.77002
"2017-06-12",2425.879883,2430.379883,2419.969971,2429.389893,4027750000,2429.389893
"2017-06-13",2434.149902,2441.48999,2431.280029,2440.350098,3275500000,2440.350098
"2017-06-14",2443.75,2443.75,2428.340088,2437.919922,3555590000,2437.919922
"2017-06-15",2424.139893,2433.949951,2418.530029,2432.459961,3353050000,2432.459961
"2017-06-16",2431.23999,2433.149902,2422.879883,2433.149902,5284720000,2433.149902
"2017-06-19",2442.550049,2453.820068,2441.790039,2453.459961,3264700000,2453.459961
"2017-06-20",2450.659912,2450.659912,2436.600098,2437.030029,3416510000,2437.030029
"2017-06-21",2439.310059,2442.22998,2430.73999,2435.610107,3594820000,2435.610107
"2017-06-22",2437.399902,2441.620117,2433.27002,2434.5,3468210000,2434.5
"2017-06-23",2434.649902,2441.399902,2431.110107,2438.300049,5278330000,2438.300049
"2017-06-26",2443.320068,2450.419922,2437.030029,2439.070068,3238970000,2439.070068
"2017-06-27",2436.340088,2440.149902,2419.379883,2419.379883,3563910000,2419.379883
"2017-06-28",2428.699951,2442.969971,2428.02002,2440.689941,3500800000,2440.689941
"2017-06-29",2442.379883,2442.72998,2405.699951,2419.699951,3900280000,2419.699951
"2017-06-30",2429.199951,2432.709961,2421.649902,2423.409912,3361590000,2423.409912
"2017-07-03",2431.389893,2439.169922,2428.689941,2429.01001,1962290000,2429.01001
"2017-07-05",2430.780029,2434.899902,2422.050049,2432.540039,3367220000,2432.540039
"2017-07-06",2423.439941,2424.280029,2407.699951,2409.75,3364520000,2409.75
"2017-07-07",2413.52002,2426.919922,2413.52002,2425.179932,2901330000,2425.179932
"2017-07-10",2424.51001,2432,2422.27002,2427.429932,2999130000,2427.429932
"2017-07-11",2427.350098,2429.300049,2412.790039,2425.530029,3106750000,2425.530029
"2017-07-12",2435.75,2445.76001,2435.75,2443.25,3171620000,2443.25
"2017-07-13",2444.98999,2449.320068,2441.689941,2447.830078,3067670000,2447.830078
"2017-07-14",2449.159912,2463.540039,2446.689941,2459.27002,2736640000,2459.27002
"2017-07-17",2459.5,2462.820068,2457.159912,2459.139893,2793170000,2459.139893
"2017-07-18",2455.879883,2460.919922,2450.340088,2460.610107,2962130000,2460.610107
"2017-07-19",2463.850098,2473.830078,2463.850098,2473.830078,3059760000,2473.830078
"2017-07-20",2475.560059,2477.620117,2468.429932,2473.449951,3182780000,2473.449951
"2017-07-21",2467.399902,2472.540039,2465.060059,2472.540039,3059570000,2472.540039
"2017-07-24",2472.040039,2473.100098,2466.320068,2469.909912,3010240000,2469.909912
"2017-07-25",2477.879883,2481.23999,2474.909912,2477.129883,4108060000,2477.129883
"2017-07-26",2479.969971,2481.689941,2474.939941,2477.830078,3557020000,2477.830078
"2017-07-27",2482.76001,2484.040039,2459.929932,2475.419922,3995520000,2475.419922
"2017-07-28",2469.120117,2473.530029,2464.659912,2472.100098,3294770000,2472.100098
"2017-07-31",2475.939941,2477.959961,2468.530029,2470.300049,3469210000,2470.300049
"2017-08-01",2477.100098,2478.51001,2471.139893,2476.350098,3460860000,2476.350098
"2017-08-02",2480.379883,2480.379883,2466.47998,2477.570068,3478580000,2477.570068
"2017-08-03",2476.030029,2476.030029,2468.850098,2472.159912,3645020000,2472.159912
"2017-08-04",2476.879883,2480,2472.080078,2476.830078,3235140000,2476.830078
"2017-08-07",2477.139893,2480.949951,2475.879883,2480.909912,2931780000,2480.909912
"2017-08-08",2478.350098,2490.870117,2470.320068,2474.919922,3344640000,2474.919922
"2017-08-09",2465.350098,2474.409912,2462.080078,2474.02002,3308060000,2474.02002
"2017-08-10",2465.379883,2465.379883,2437.75,2438.209961,3621070000,2438.209961
"2017-08-11",2441.040039,2448.090088,2437.850098,2441.320068,3159930000,2441.320068
"2017-08-14",2454.959961,2468.219971,2454.959961,2465.840088,2822550000,2465.840088
"2017-08-15",2468.659912,2468.899902,2461.610107,2464.610107,2913100000,2464.610107
"2017-08-16",2468.629883,2474.929932,2463.860107,2468.110107,2953650000,2468.110107
"2017-08-17",2462.949951,2465.02002,2430.01001,2430.01001,3142620000,2430.01001
"2017-08-18",2427.639893,2440.27002,2420.689941,2425.550049,3415680000,2425.550049
"2017-08-21",2425.5,2430.580078,2417.350098,2428.370117,2788150000,2428.370117
"2017-08-22",2433.75,2454.77002,2433.669922,2452.51001,2777490000,2452.51001
"2017-08-23",2444.879883,2448.909912,2441.419922,2444.040039,2785290000,2444.040039
"2017-08-24",2447.909912,2450.389893,2436.189941,2438.969971,2846590000,2438.969971
"2017-08-25",2444.719971,2453.959961,2442.219971,2443.050049,2588780000,2443.050049
"2017-08-28",2447.350098,2449.120117,2439.030029,2444.23999,2677700000,2444.23999
"2017-08-29",2431.939941,2449.189941,2428.199951,2446.300049,2737580000,2446.300049
"2017-08-30",2446.060059,2460.310059,2443.77002,2457.590088,2633660000,2457.590088
"2017-08-31",2462.649902,2475.01001,2462.649902,2471.649902,3348110000,2471.649902
"2017-09-01",2474.419922,2480.379883,2473.850098,2476.550049,2710730000,2476.550049
"2017-09-05",2470.350098,2471.969971,2446.550049,2457.850098,3490260000,2457.850098
"2017-09-06",2463.830078,2469.639893,2459.199951,2465.540039,3374410000,2465.540039
"2017-09-07",2468.060059,2468.620117,2460.290039,2465.100098,3353930000,2465.100098
"2017-09-08",2462.25,2467.110107,2459.399902,2461.429932,3302490000,2461.429932
"2017-09-11",2474.52002,2488.949951,2474.52002,2488.110107,3291760000,2488.110107
"2017-09-12",2491.939941,2496.77002,2490.370117,2496.47998,3230920000,2496.47998
"2017-09-13",2493.889893,2498.370117,2492.139893,2498.370117,3368050000,2498.370117
"2017-09-14",2494.560059,2498.429932,2491.350098,2495.620117,3414460000,2495.620117
"2017-09-15",2495.669922,2500.22998,2493.159912,2500.22998,4853170000,2500.22998
"2017-09-18",2502.51001,2508.320068,2499.919922,2503.870117,3194300000,2503.870117
"2017-09-19",2506.290039,2507.840088,2503.189941,2506.649902,3249100000,2506.649902
"2017-09-20",2506.840088,2508.850098,2496.669922,2508.23999,3530010000,2508.23999
"2017-09-21",2507.159912,2507.159912,2499,2500.600098,2930860000,2500.600098
"2017-09-22",2497.26001,2503.469971,2496.540039,2502.219971,2865960000,2502.219971
"2017-09-25",2499.389893,2502.540039,2488.030029,2496.659912,3297890000,2496.659912
"2017-09-26",2501.040039,2503.51001,2495.120117,2496.840088,3043110000,2496.840088
"2017-09-27",2503.300049,2511.75,2495.909912,2507.040039,3456030000,2507.040039
"2017-09-28",2503.409912,2510.810059,2502.929932,2510.060059,3168620000,2510.060059
"2017-09-29",2509.959961,2519.439941,2507.98999,2519.360107,3211920000,2519.360107
"2017-10-02",2521.199951,2529.22998,2520.399902,2529.120117,3199730000,2529.120117
"2017-10-03",2530.340088,2535.129883,2528.850098,2534.580078,3068850000,2534.580078
"2017-10-04",2533.47998,2540.530029,2531.800049,2537.73999,3017120000,2537.73999
"2017-10-05",2540.860107,2552.51001,2540.02002,2552.070068,3045120000,2552.070068
"2017-10-06",2547.439941,2549.409912,2543.790039,2549.330078,2884570000,2549.330078
"2017-10-09",2551.389893,2551.820068,2541.600098,2544.72998,2483970000,2544.72998
"2017-10-10",2549.98999,2555.22998,2544.860107,2550.639893,2960500000,2550.639893
"2017-10-11",2550.620117,2555.23999,2547.949951,2555.23999,2976090000,2555.23999
"2017-10-12",2552.879883,2555.330078,2548.310059,2550.929932,3151510000,2550.929932
"2017-10-13",2555.659912,2557.649902,2552.090088,2553.169922,3149440000,2553.169922
"2017-10-16",2555.570068,2559.469971,2552.639893,2557.639893,2916020000,2557.639893
"2017-10-17",2557.169922,2559.709961,2554.689941,2559.360107,2889390000,2559.360107
"2017-10-18",2562.870117,2564.110107,2559.669922,2561.26001,2998090000,2561.26001
"2017-10-19",2553.389893,2562.360107,2547.919922,2562.100098,2990710000,2562.100098
"2017-10-20",2567.560059,2575.439941,2567.560059,2575.209961,3384650000,2575.209961
"2017-10-23",2578.080078,2578.290039,2564.330078,2564.97998,3211710000,2564.97998
"2017-10-24",2568.659912,2572.179932,2565.580078,2569.129883,3427330000,2569.129883
"2017-10-25",2566.52002,2567.399902,2544,2557.149902,3874510000,2557.149902
"2017-10-26",2560.080078,2567.070068,2559.800049,2560.399902,3869050000,2560.399902
"2017-10-27",2570.26001,2582.97998,2565.939941,2581.070068,3887110000,2581.070068
"2017-10-30",2577.75,2580.030029,2568.25,2572.830078,3658870000,2572.830078
"2017-10-31",2575.98999,2578.290039,2572.149902,2575.26001,3827230000,2575.26001
"2017-11-01",2583.209961,2588.399902,2574.919922,2579.360107,3813180000,2579.360107
"2017-11-02",2579.459961,2581.110107,2566.169922,2579.850098,4048270000,2579.850098
"2017-11-03",2581.929932,2588.419922,2576.77002,2587.840088,3567710000,2587.840088
"2017-11-06",2587.469971,2593.379883,2585.659912,2591.129883,3539080000,2591.129883
"2017-11-07",2592.110107,2597.02002,2584.350098,2590.639893,3809650000,2590.639893
"2017-11-08",2588.709961,2595.469971,2585.02002,2594.379883,3899360000,2594.379883
"2017-11-09",2584,2586.5,2566.330078,2584.620117,3831610000,2584.620117
"2017-11-10",2580.179932,2583.810059,2575.570068,2582.300049,3486910000,2582.300049
"2017-11-13",2576.530029,2587.659912,2574.47998,2584.840088,3402930000,2584.840088
"2017-11-14",2577.75,2579.659912,2566.560059,2578.870117,3641760000,2578.870117
"2017-11-15",2569.449951,2572.840088,2557.449951,2564.620117,3558890000,2564.620117
"2017-11-16",2572.949951,2590.090088,2572.949951,2585.639893,3312710000,2585.639893
"2017-11-17",2582.939941,2583.959961,2577.620117,2578.850098,3300160000,2578.850098
"2017-11-20",2579.48999,2584.639893,2578.23999,2582.139893,3003540000,2582.139893
"2017-11-21",2589.169922,2601.189941,2589.169922,2599.030029,3332720000,2599.030029
"2017-11-22",2600.310059,2600.939941,2595.22998,2597.080078,2762950000,2597.080078
"2017-11-24",2600.419922,2604.209961,2600.419922,2602.419922,1349780000,2602.419922
"2017-11-27",2602.659912,2606.409912,2598.870117,2601.419922,3006860000,2601.419922
"2017-11-28",2605.939941,2627.689941,2605.439941,2627.040039,3488420000,2627.040039
"2017-11-29",2627.820068,2634.889893,2620.320068,2626.070068,4078280000,2626.070068
"2017-11-30",2633.929932,2657.73999,2633.929932,2647.580078,4938490000,2647.580078
"2017-12-01",2645.100098,2650.620117,2605.52002,2642.219971,3942320000,2642.219971
"2017-12-04",2657.189941,2665.189941,2639.030029,2639.439941,4023150000,2639.439941
"2017-12-05",2639.780029,2648.719971,2627.72998,2629.570068,3539040000,2629.570068
"2017-12-06",2626.23999,2634.409912,2624.75,2629.27002,3.229e+09,2629.27002
"2017-12-07",2628.379883,2640.98999,2626.530029,2636.97998,3292400000,2636.97998
"2017-12-08",2646.209961,2651.649902,2644.100098,2651.5,3106150000,2651.5
"2017-12-11",2652.189941,2660.330078,2651.469971,2659.98999,3091950000,2659.98999
"2017-12-12",2661.72998,2669.719971,2659.780029,2664.110107,3555680000,2664.110107
"2017-12-13",2667.590088,2671.879883,2662.850098,2662.850098,3542370000,2662.850098
"2017-12-14",2665.870117,2668.090088,2652.01001,2652.01001,3430030000,2652.01001
"2017-12-15",2660.629883,2679.629883,2659.139893,2675.810059,5723920000,2675.810059
"2017-12-18",2685.919922,2694.969971,2685.919922,2690.159912,3724660000,2690.159912
"2017-12-19",2692.709961,2694.439941,2680.73999,2681.469971,3368590000,2681.469971
"2017-12-20",2688.179932,2691.01001,2676.110107,2679.25,3241030000,2679.25
"2017-12-21",2683.02002,2692.639893,2682.399902,2684.570068,3273390000,2684.570068
"2017-12-22",2684.219971,2685.350098,2678.129883,2683.340088,2399830000,2683.340088
"2017-12-26",2679.090088,2682.73999,2677.959961,2680.5,1968780000,2680.5
"2017-12-27",2682.100098,2685.639893,2678.909912,2682.620117,2202080000,2682.620117
"2017-12-28",2686.100098,2687.659912,2682.689941,2687.540039,2153330000,2687.540039
"2017-12-29",2689.149902,2692.120117,2673.610107,2673.610107,2443490000,2673.610107
"2018-01-02",2683.72998,2695.889893,2682.360107,2695.810059,3367250000,2695.810059
"2018-01-03",2697.850098,2714.370117,2697.77002,2713.060059,3538660000,2713.060059
"2018-01-04",2719.310059,2729.290039,2719.070068,2723.98999,3695260000,2723.98999
"2018-01-05",2731.330078,2743.449951,2727.919922,2743.149902,3236620000,2743.149902
"2018-01-08",2742.669922,2748.51001,2737.600098,2747.709961,3242650000,2747.709961
"2018-01-09",2751.149902,2759.139893,2747.860107,2751.290039,3453480000,2751.290039
"2018-01-10",2745.550049,2750.800049,2736.060059,2748.22998,3576350000,2748.22998
"2018-01-11",2752.969971,2767.560059,2752.780029,2767.560059,3641320000,2767.560059
"2018-01-12",2770.179932,2787.850098,2769.639893,2786.23999,3573970000,2786.23999
"2018-01-16",2798.959961,2807.540039,2768.639893,2776.419922,4325970000,2776.419922
"2018-01-17",2784.98999,2807.040039,2778.379883,2802.560059,3778050000,2802.560059
"2018-01-18",2802.399902,2805.830078,2792.560059,2798.030029,3681470000,2798.030029
"2018-01-19",2802.600098,2810.330078,2798.080078,2810.300049,3639430000,2810.300049
"2018-01-22",2809.159912,2833.030029,2808.120117,2832.969971,3471780000,2832.969971
"2018-01-23",2835.050049,2842.23999,2830.590088,2839.129883,3519650000,2839.129883
"2018-01-24",2845.419922,2852.969971,2824.810059,2837.540039,4014070000,2837.540039
"2018-01-25",2846.23999,2848.560059,2830.939941,2839.25,3835150000,2839.25
"2018-01-26",2847.47998,2872.870117,2846.179932,2872.870117,3443230000,2872.870117
"2018-01-29",2867.22998,2870.620117,2851.47998,2853.530029,3573830000,2853.530029
"2018-01-30",2832.73999,2837.75,2818.27002,2822.429932,3990650000,2822.429932
"2018-01-31",2832.409912,2839.26001,2813.040039,2823.810059,4261280000,2823.810059
"2018-02-01",2816.449951,2835.959961,2812.699951,2821.97998,3938450000,2821.97998
"2018-02-02",2808.919922,2808.919922,2759.969971,2762.129883,4301130000,2762.129883
"2018-02-05",2741.060059,2763.389893,2638.169922,2648.939941,5283460000,2648.939941
"2018-02-06",2614.780029,2701.040039,2593.070068,2695.139893,5891660000,2695.139893
"2018-02-07",2690.949951,2727.669922,2681.330078,2681.659912,4626570000,2681.659912
"2018-02-08",2685.01001,2685.27002,2580.560059,2581,5305440000,2581
"2018-02-09",2601.780029,2638.669922,2532.689941,2619.550049,5680070000,2619.550049
"2018-02-12",2636.75,2672.610107,2622.449951,2656,4055790000,2656
"2018-02-13",2646.27002,2668.840088,2637.080078,2662.939941,3472870000,2662.939941
"2018-02-14",2651.209961,2702.100098,2648.870117,2698.629883,4003740000,2698.629883
"2018-02-15",2713.459961,2731.51001,2689.820068,2731.199951,3684910000,2731.199951
"2018-02-16",2727.139893,2754.419922,2725.110107,2732.219971,3637460000,2732.219971
"2018-02-20",2722.98999,2737.600098,2706.76001,2716.26001,3627610000,2716.26001
"2018-02-21",2720.530029,2747.75,2701.290039,2701.330078,3779400000,2701.330078
"2018-02-22",2710.419922,2731.26001,2697.77002,2703.959961,3701270000,2703.959961
"2018-02-23",2715.800049,2747.76001,2713.73999,2747.300049,3189190000,2747.300049
"2018-02-26",2757.370117,2780.639893,2753.780029,2779.600098,3424650000,2779.600098
"2018-02-27",2780.449951,2789.149902,2744.219971,2744.280029,3745080000,2744.280029
"2018-02-28",2753.780029,2761.52002,2713.540039,2713.830078,4230660000,2713.830078
"2018-03-01",2715.219971,2730.889893,2659.649902,2677.669922,4503970000,2677.669922
"2018-03-02",2658.889893,2696.25,2647.320068,2691.25,3882450000,2691.25
